module	lowering	compile	single_edge	emit	static_gates	checkdesign	direct_cycles	rtl_evidence	wall_s	rss_kb	stage	reason	artifact
core_top	ifx	143	-	-	-			not-measured			compile-failed		
debug_breakpoint	ifx	0	0	0	0	ACCEPTED	4	not-measured	0.9	517200	accepted		/mada/users/czeng14/projects/livehd-d2-ir-semantics/generated/census_d2/2fc1f784a/mod/debug_breakpoint/lean/debug_breakpoint_Lgraph.lean
intpipe_alu	ifx	0	0	0	0	ACCEPTED	4	not-measured	28.4	1276160	accepted		/mada/users/czeng14/projects/livehd-d2-ir-semantics/generated/census_d2/2fc1f784a/mod/intpipe_alu/lean/intpipe_alu_Lgraph.lean
intpipe_csr_file	ifx	0	0	7	-			not-measured			lean-emit-failed		
intpipe_csr_file_conv	ifx	0	0	0	0	ACCEPTED	4	not-measured	1.9	563612	accepted		/mada/users/czeng14/projects/livehd-d2-ir-semantics/generated/census_d2/2fc1f784a/mod/intpipe_csr_file_conv/lean/intpipe_csr_file_conv_Lgraph.lean
intpipe_csr_file_fl_barrier	ifx	0	0	0	0	ACCEPTED	4	not-measured	0.6	499516	accepted		/mada/users/czeng14/projects/livehd-d2-ir-semantics/generated/census_d2/2fc1f784a/mod/intpipe_csr_file_fl_barrier/lean/intpipe_csr_file_fl_barrier_Lgraph.lean
intpipe_csr_msgs	ifx	0	0	0	0	ACCEPTED	4	not-measured	55.8	1603128	accepted		/mada/users/czeng14/projects/livehd-d2-ir-semantics/generated/census_d2/2fc1f784a/mod/intpipe_csr_msgs/lean/intpipe_csr_msgs_Lgraph.lean
intpipe_csr_pmu_read_interface	ifx	0	0	0	0	ACCEPTED	4	not-measured	1.0	525136	accepted		/mada/users/czeng14/projects/livehd-d2-ir-semantics/generated/census_d2/2fc1f784a/mod/intpipe_csr_pmu_read_interface/lean/intpipe_csr_pmu_read_interface_Lgraph.lean
intpipe_csr_replay	ifx	0	0	0	0	ACCEPTED	4	not-measured	4.2	658180	accepted		/mada/users/czeng14/projects/livehd-d2-ir-semantics/generated/census_d2/2fc1f784a/mod/intpipe_csr_replay/lean/intpipe_csr_replay_Lgraph.lean
intpipe_decode	ifx	0	0	0	0	ACCEPTED	4	not-measured	44.3	1489040	accepted		/mada/users/czeng14/projects/livehd-d2-ir-semantics/generated/census_d2/2fc1f784a/mod/intpipe_decode/lean/intpipe_decode_Lgraph.lean
intpipe_fp_scoreboard	ifx	0	0	0	0	ACCEPTED	4	not-measured	5.6	691276	accepted		/mada/users/czeng14/projects/livehd-d2-ir-semantics/generated/census_d2/2fc1f784a/mod/intpipe_fp_scoreboard/lean/intpipe_fp_scoreboard_Lgraph.lean
intpipe_imm	ifx	0	0	0	0	ACCEPTED	4	not-measured	1.3	529736	accepted		/mada/users/czeng14/projects/livehd-d2-ir-semantics/generated/census_d2/2fc1f784a/mod/intpipe_imm/lean/intpipe_imm_Lgraph.lean
intpipe_inst_bits_stage	ifx	0	0	0	0	ACCEPTED	4	not-measured	1.0	519280	accepted		/mada/users/czeng14/projects/livehd-d2-ir-semantics/generated/census_d2/2fc1f784a/mod/intpipe_inst_bits_stage/lean/intpipe_inst_bits_stage_Lgraph.lean
intpipe_int_scoreboard	ifx	0	0	0	0	ACCEPTED	4	not-measured	4.1	648952	accepted		/mada/users/czeng14/projects/livehd-d2-ir-semantics/generated/census_d2/2fc1f784a/mod/intpipe_int_scoreboard/lean/intpipe_int_scoreboard_Lgraph.lean
intpipe_mask_scoreboard	ifx	0	0	0	0	ACCEPTED	4	not-measured	3.7	635644	accepted		/mada/users/czeng14/projects/livehd-d2-ir-semantics/generated/census_d2/2fc1f784a/mod/intpipe_mask_scoreboard/lean/intpipe_mask_scoreboard_Lgraph.lean
intpipe_mul_div_top	ifx	0	0	0	0	ACCEPTED	4	not-measured	92.5	2023456	accepted		/mada/users/czeng14/projects/livehd-d2-ir-semantics/generated/census_d2/2fc1f784a/mod/intpipe_mul_div_top/lean/intpipe_mul_div_top_Lgraph.lean
intpipe_rf	ifx	0	0	0	0	ACCEPTED	4	not-measured	6.0	721412	accepted		/mada/users/czeng14/projects/livehd-d2-ir-semantics/generated/census_d2/2fc1f784a/mod/intpipe_rf/lean/intpipe_rf_Lgraph.lean
intpipe_top	ifx	0	7	-	-			not-measured			single_edge-failed	latch `latch_27604` and state element `flop_70160:$driver$rf.u_rf.wr_data_del_q` commit at the SAME edge, and `flop_70160:$driver$rf.u_rf.wr_data_del_q` reads the latch combinationally	
minion_dcache_128x64_1r1w_lram	ifx	0	0	0	0	ACCEPTED	4	not-measured	0.7	510920	accepted		/mada/users/czeng14/projects/livehd-d2-ir-semantics/generated/census_d2/2fc1f784a/mod/minion_dcache_128x64_1r1w_lram/lean/minion_dcache_128x64_1r1w_lram_Lgraph.lean
minion_dcache_128x72_1r1w_lram	ifx	0	0	0	0	ACCEPTED	4	not-measured	0.7	506248	accepted		/mada/users/czeng14/projects/livehd-d2-ir-semantics/generated/census_d2/2fc1f784a/mod/minion_dcache_128x72_1r1w_lram/lean/minion_dcache_128x72_1r1w_lram_Lgraph.lean
minion_dcache_atomic_alu_unit	ifx	0	0	0	0	ACCEPTED	4	not-measured	3.5	625852	accepted		/mada/users/czeng14/projects/livehd-d2-ir-semantics/generated/census_d2/2fc1f784a/mod/minion_dcache_atomic_alu_unit/lean/minion_dcache_atomic_alu_unit_Lgraph.lean
minion_dcache_buffer_array	ifx	0	0	0	0	ACCEPTED	4	not-measured	2.4	578932	accepted		/mada/users/czeng14/projects/livehd-d2-ir-semantics/generated/census_d2/2fc1f784a/mod/minion_dcache_buffer_array/lean/minion_dcache_buffer_array_Lgraph.lean
minion_dcache_cache_op_unit	ifx	0	0	0	0	ACCEPTED	4	not-measured	20.4	1144984	accepted		/mada/users/czeng14/projects/livehd-d2-ir-semantics/generated/census_d2/2fc1f784a/mod/minion_dcache_cache_op_unit/lean/minion_dcache_cache_op_unit_Lgraph.lean
minion_dcache_cache_op_unit_l2	ifx	0	0	0	0	ACCEPTED	4	not-measured	5.8	709772	accepted		/mada/users/czeng14/projects/livehd-d2-ir-semantics/generated/census_d2/2fc1f784a/mod/minion_dcache_cache_op_unit_l2/lean/minion_dcache_cache_op_unit_l2_Lgraph.lean
minion_dcache_data_array	ifx	0	0	0	0	ACCEPTED	4	not-measured	2.4	571000	accepted		/mada/users/czeng14/projects/livehd-d2-ir-semantics/generated/census_d2/2fc1f784a/mod/minion_dcache_data_array/lean/minion_dcache_data_array_Lgraph.lean
minion_dcache_lru_array	ifx	0	0	0	0	ACCEPTED	4	not-measured	1.3	538084	accepted		/mada/users/czeng14/projects/livehd-d2-ir-semantics/generated/census_d2/2fc1f784a/mod/minion_dcache_lru_array/lean/minion_dcache_lru_array_Lgraph.lean
minion_dcache_metadata_array	ifx	0	0	0	0	ACCEPTED	4	not-measured	7.9	753788	accepted		/mada/users/czeng14/projects/livehd-d2-ir-semantics/generated/census_d2/2fc1f784a/mod/minion_dcache_metadata_array/lean/minion_dcache_metadata_array_Lgraph.lean
minion_dcache_miss_handler	ifx	0	0	0	0	ACCEPTED	4	not-measured	7.0	737868	accepted		/mada/users/czeng14/projects/livehd-d2-ir-semantics/generated/census_d2/2fc1f784a/mod/minion_dcache_miss_handler/lean/minion_dcache_miss_handler_Lgraph.lean
minion_dcache_miss_handler_unit	ifx	0	0	0	0	ACCEPTED	4	not-measured	20.4	1034020	accepted		/mada/users/czeng14/projects/livehd-d2-ir-semantics/generated/census_d2/2fc1f784a/mod/minion_dcache_miss_handler_unit/lean/minion_dcache_miss_handler_unit_Lgraph.lean
minion_dcache_pma_unit	ifx	0	0	0	0	ACCEPTED	4	not-measured	1.9	569808	accepted		/mada/users/czeng14/projects/livehd-d2-ir-semantics/generated/census_d2/2fc1f784a/mod/minion_dcache_pma_unit/lean/minion_dcache_pma_unit_Lgraph.lean
minion_dcache_reduce	ifx	0	0	0	0	ACCEPTED	4	not-measured	13.4	938524	accepted		/mada/users/czeng14/projects/livehd-d2-ir-semantics/generated/census_d2/2fc1f784a/mod/minion_dcache_reduce/lean/minion_dcache_reduce_Lgraph.lean
minion_dcache_replay_queue	ifx	0	0	0	0	ACCEPTED	4	not-measured	62.2	1683908	accepted		/mada/users/czeng14/projects/livehd-d2-ir-semantics/generated/census_d2/2fc1f784a/mod/minion_dcache_replay_queue/lean/minion_dcache_replay_queue_Lgraph.lean
minion_dcache_scratchpad_ctrl	ifx	0	0	0	0	ACCEPTED	4	not-measured	0.9	518668	accepted		/mada/users/czeng14/projects/livehd-d2-ir-semantics/generated/census_d2/2fc1f784a/mod/minion_dcache_scratchpad_ctrl/lean/minion_dcache_scratchpad_ctrl_Lgraph.lean
minion_dcache_store_merge_unit	ifx	0	0	0	0	ACCEPTED	4	not-measured	14.1	974924	accepted		/mada/users/czeng14/projects/livehd-d2-ir-semantics/generated/census_d2/2fc1f784a/mod/minion_dcache_store_merge_unit/lean/minion_dcache_store_merge_unit_Lgraph.lean
minion_dcache_tensor_load	ifx	0	0	0	0	ACCEPTED	4	not-measured	125.1	2230248	accepted		/mada/users/czeng14/projects/livehd-d2-ir-semantics/generated/census_d2/2fc1f784a/mod/minion_dcache_tensor_load/lean/minion_dcache_tensor_load_Lgraph.lean
minion_dcache_texsend	ifx	0	0	0	1			not-measured			static-gates-failed		/mada/users/czeng14/projects/livehd-d2-ir-semantics/generated/census_d2/2fc1f784a/mod/minion_dcache_texsend/lean/minion_dcache_texsend_Lgraph.lean
minion_dcache_tlb_array	ifx	0	0	0	0	ACCEPTED	4	not-measured	3.3	623228	accepted		/mada/users/czeng14/projects/livehd-d2-ir-semantics/generated/census_d2/2fc1f784a/mod/minion_dcache_tlb_array/lean/minion_dcache_tlb_array_Lgraph.lean
minion_dcache_top	ifx	143	-	-	-			not-measured			compile-failed		
minion_dcache_writeback_unit	ifx	0	0	0	0	ACCEPTED	4	not-measured	1.7	548060	accepted		/mada/users/czeng14/projects/livehd-d2-ir-semantics/generated/census_d2/2fc1f784a/mod/minion_dcache_writeback_unit/lean/minion_dcache_writeback_unit_Lgraph.lean
minion_debug_apb_slv	ifx	0	0	0	0	ACCEPTED	4	not-measured	2.7	599120	accepted		/mada/users/czeng14/projects/livehd-d2-ir-semantics/generated/census_d2/2fc1f784a/mod/minion_debug_apb_slv/lean/minion_debug_apb_slv_Lgraph.lean
minion_frontend	ifx	0	7	-	-			not-measured			single_edge-failed		
minion_frontend_rvc_expander	ifx	0	0	0	0	ACCEPTED	4	not-measured	7.3	751432	accepted		/mada/users/czeng14/projects/livehd-d2-ir-semantics/generated/census_d2/2fc1f784a/mod/minion_frontend_rvc_expander/lean/minion_frontend_rvc_expander_Lgraph.lean
minion_frontend_thread_buffer	ifx	0	7	-	-			not-measured			single_edge-failed	minion_frontend_thread_buffer: memory `memory_18576:buffer_pc` has type=24 (not async 0 / sync 1 / array 2): its read ports mix clocked and unclocked reads, which the Memory cell's one global `type` cannot represent	
minion_frontend_thread_sched	ifx	0	0	0	0	ACCEPTED	4	not-measured	0.5	502388	accepted		/mada/users/czeng14/projects/livehd-d2-ir-semantics/generated/census_d2/2fc1f784a/mod/minion_frontend_thread_sched/lean/minion_frontend_thread_sched_Lgraph.lean
minion_tlb	ifx	0	0	0	0	ACCEPTED	4	not-measured	3.2	623648	accepted		/mada/users/czeng14/projects/livehd-d2-ir-semantics/generated/census_d2/2fc1f784a/mod/minion_tlb/lean/minion_tlb_Lgraph.lean
minion_top	ifx	143	-	-	-			not-measured			compile-failed		
null_vpu	ifx	0	0	0	1			not-measured			static-gates-failed		/mada/users/czeng14/projects/livehd-d2-ir-semantics/generated/census_d2/2fc1f784a/mod/null_vpu/lean/null_vpu_Lgraph.lean
tima_adder	ifx	0	0	0	0	ACCEPTED	4	not-measured	0.4	497488	accepted		/mada/users/czeng14/projects/livehd-d2-ir-semantics/generated/census_d2/2fc1f784a/mod/tima_adder/lean/tima_adder_Lgraph.lean
tima_top	ifx	0	0	0	0	ACCEPTED	4	not-measured	2.9	603300	accepted		/mada/users/czeng14/projects/livehd-d2-ir-semantics/generated/census_d2/2fc1f784a/mod/tima_top/lean/tima_top_Lgraph.lean
trans_exp_rom_case_c0	ifx	0	0	0	0	ACCEPTED	4	not-measured	0.5	502516	accepted		/mada/users/czeng14/projects/livehd-d2-ir-semantics/generated/census_d2/2fc1f784a/mod/trans_exp_rom_case_c0/lean/trans_exp_rom_case_c0_Lgraph.lean
trans_exp_rom_case_c1c2	ifx	0	0	0	0	ACCEPTED	4	not-measured	0.5	500392	accepted		/mada/users/czeng14/projects/livehd-d2-ir-semantics/generated/census_d2/2fc1f784a/mod/trans_exp_rom_case_c1c2/lean/trans_exp_rom_case_c1c2_Lgraph.lean
trans_log_rom_case_c0	ifx	0	0	0	0	ACCEPTED	4	not-measured	0.5	500536	accepted		/mada/users/czeng14/projects/livehd-d2-ir-semantics/generated/census_d2/2fc1f784a/mod/trans_log_rom_case_c0/lean/trans_log_rom_case_c0_Lgraph.lean
trans_log_rom_case_c1c2	ifx	0	0	0	0	ACCEPTED	4	not-measured	0.5	498784	accepted		/mada/users/czeng14/projects/livehd-d2-ir-semantics/generated/census_d2/2fc1f784a/mod/trans_log_rom_case_c1c2/lean/trans_log_rom_case_c1c2_Lgraph.lean
trans_rcp_rom_case_c0	ifx	0	0	0	0	ACCEPTED	4	not-measured	0.5	498292	accepted		/mada/users/czeng14/projects/livehd-d2-ir-semantics/generated/census_d2/2fc1f784a/mod/trans_rcp_rom_case_c0/lean/trans_rcp_rom_case_c0_Lgraph.lean
trans_rcp_rom_case_c1c2	ifx	0	0	0	0	ACCEPTED	4	not-measured	0.6	504636	accepted		/mada/users/czeng14/projects/livehd-d2-ir-semantics/generated/census_d2/2fc1f784a/mod/trans_rcp_rom_case_c1c2/lean/trans_rcp_rom_case_c1c2_Lgraph.lean
trans_rsqrt_rom_case_c0	ifx	0	0	0	0	ACCEPTED	4	not-measured	0.6	502644	accepted		/mada/users/czeng14/projects/livehd-d2-ir-semantics/generated/census_d2/2fc1f784a/mod/trans_rsqrt_rom_case_c0/lean/trans_rsqrt_rom_case_c0_Lgraph.lean
trans_rsqrt_rom_case_c1c2	ifx	0	0	0	0	ACCEPTED	4	not-measured	0.7	505352	accepted		/mada/users/czeng14/projects/livehd-d2-ir-semantics/generated/census_d2/2fc1f784a/mod/trans_rsqrt_rom_case_c1c2/lean/trans_rsqrt_rom_case_c1c2_Lgraph.lean
trans_sin_rom_case_c0	ifx	0	0	0	0	ACCEPTED	4	not-measured	0.5	499776	accepted		/mada/users/czeng14/projects/livehd-d2-ir-semantics/generated/census_d2/2fc1f784a/mod/trans_sin_rom_case_c0/lean/trans_sin_rom_case_c0_Lgraph.lean
trans_sin_rom_case_c1c2	ifx	0	0	0	0	ACCEPTED	4	not-measured	0.6	503892	accepted		/mada/users/czeng14/projects/livehd-d2-ir-semantics/generated/census_d2/2fc1f784a/mod/trans_sin_rom_case_c1c2/lean/trans_sin_rom_case_c1c2_Lgraph.lean
trans_top	ifx	0	0	0	0	ACCEPTED	4	not-measured	3.9	635600	accepted		/mada/users/czeng14/projects/livehd-d2-ir-semantics/generated/census_d2/2fc1f784a/mod/trans_top/lean/trans_top_Lgraph.lean
txfma_4_2_compressor	ifx	0	0	0	0	ACCEPTED	4	not-measured	0.5	497552	accepted		/mada/users/czeng14/projects/livehd-d2-ir-semantics/generated/census_d2/2fc1f784a/mod/txfma_4_2_compressor/lean/txfma_4_2_compressor_Lgraph.lean
txfma_4_2_compressor_array	ifx	0	0	0	0	ACCEPTED	4	not-measured	19.1	1119344	accepted		/mada/users/czeng14/projects/livehd-d2-ir-semantics/generated/census_d2/2fc1f784a/mod/txfma_4_2_compressor_array/lean/txfma_4_2_compressor_array_Lgraph.lean
txfma_adder	ifx	1	-	-	-			not-measured			compile-failed		
txfma_align_shf	ifx	0	0	0	0	ACCEPTED	4	not-measured	0.5	497944	accepted		/mada/users/czeng14/projects/livehd-d2-ir-semantics/generated/census_d2/2fc1f784a/mod/txfma_align_shf/lean/txfma_align_shf_Lgraph.lean
txfma_booth_ppg_32r4	ifx	0	0	0	0	ACCEPTED	4	not-measured	8.4	808536	accepted		/mada/users/czeng14/projects/livehd-d2-ir-semantics/generated/census_d2/2fc1f784a/mod/txfma_booth_ppg_32r4/lean/txfma_booth_ppg_32r4_Lgraph.lean
txfma_booth_ppg_32r4_msb	ifx	0	0	0	0	ACCEPTED	4	not-measured	0.5	497600	accepted		/mada/users/czeng14/projects/livehd-d2-ir-semantics/generated/census_d2/2fc1f784a/mod/txfma_booth_ppg_32r4_msb/lean/txfma_booth_ppg_32r4_msb_Lgraph.lean
txfma_booth_ppg_32r4_norm	ifx	0	0	0	0	ACCEPTED	4	not-measured	0.6	499696	accepted		/mada/users/czeng14/projects/livehd-d2-ir-semantics/generated/census_d2/2fc1f784a/mod/txfma_booth_ppg_32r4_norm/lean/txfma_booth_ppg_32r4_norm_Lgraph.lean
txfma_c0	ifx	0	0	0	0	ACCEPTED	4	not-measured	11.3	903512	accepted		/mada/users/czeng14/projects/livehd-d2-ir-semantics/generated/census_d2/2fc1f784a/mod/txfma_c0/lean/txfma_c0_Lgraph.lean
txfma_c1	ifx	0	0	0	0	ACCEPTED	4	not-measured	1.0	521096	accepted		/mada/users/czeng14/projects/livehd-d2-ir-semantics/generated/census_d2/2fc1f784a/mod/txfma_c1/lean/txfma_c1_Lgraph.lean
txfma_c2	ifx	0	0	0	0	ACCEPTED	4	not-measured	6.8	761472	accepted		/mada/users/czeng14/projects/livehd-d2-ir-semantics/generated/census_d2/2fc1f784a/mod/txfma_c2/lean/txfma_c2_Lgraph.lean
txfma_c3	ifx	0	0	0	0	ACCEPTED	4	not-measured	7.7	797580	accepted		/mada/users/czeng14/projects/livehd-d2-ir-semantics/generated/census_d2/2fc1f784a/mod/txfma_c3/lean/txfma_c3_Lgraph.lean
txfma_c4	ifx	0	0	0	0	ACCEPTED	4	not-measured	1.3	539664	accepted		/mada/users/czeng14/projects/livehd-d2-ir-semantics/generated/census_d2/2fc1f784a/mod/txfma_c4/lean/txfma_c4_Lgraph.lean
txfma_c5	ifx	0	0	0	0	ACCEPTED	4	not-measured	2.3	585904	accepted		/mada/users/czeng14/projects/livehd-d2-ir-semantics/generated/census_d2/2fc1f784a/mod/txfma_c5/lean/txfma_c5_Lgraph.lean
txfma_c6	ifx	0	0	0	0	ACCEPTED	4	not-measured	4.7	683332	accepted		/mada/users/czeng14/projects/livehd-d2-ir-semantics/generated/census_d2/2fc1f784a/mod/txfma_c6/lean/txfma_c6_Lgraph.lean
txfma_csa	ifx	0	0	0	0	ACCEPTED	4	not-measured	0.5	497672	accepted		/mada/users/czeng14/projects/livehd-d2-ir-semantics/generated/census_d2/2fc1f784a/mod/txfma_csa/lean/txfma_csa_Lgraph.lean
txfma_e1	ifx	0	0	0	0	ACCEPTED	4	not-measured	2.0	564928	accepted		/mada/users/czeng14/projects/livehd-d2-ir-semantics/generated/census_d2/2fc1f784a/mod/txfma_e1/lean/txfma_e1_Lgraph.lean
txfma_e2	ifx	0	0	0	0	ACCEPTED	4	not-measured	8.4	822284	accepted		/mada/users/czeng14/projects/livehd-d2-ir-semantics/generated/census_d2/2fc1f784a/mod/txfma_e2/lean/txfma_e2_Lgraph.lean
txfma_e4	ifx	0	0	0	0	ACCEPTED	4	not-measured	0.5	493308	accepted		/mada/users/czeng14/projects/livehd-d2-ir-semantics/generated/census_d2/2fc1f784a/mod/txfma_e4/lean/txfma_e4_Lgraph.lean
txfma_e5	plain	0	0	0	0	ACCEPTED	4	prior-smoke	1.5	545624	accepted		/mada/users/czeng14/projects/livehd-d2-ir-semantics/generated/census_d2/2fc1f784a/mod/txfma_e5/lean/txfma_e5_Lgraph.lean
txfma_e6	ifx	0	0	0	0	ACCEPTED	4	not-measured	0.8	512604	accepted		/mada/users/czeng14/projects/livehd-d2-ir-semantics/generated/census_d2/2fc1f784a/mod/txfma_e6/lean/txfma_e6_Lgraph.lean
txfma_ediff_opdorder_logic	ifx	0	0	0	0	ACCEPTED	4	not-measured	5.2	700316	accepted		/mada/users/czeng14/projects/livehd-d2-ir-semantics/generated/census_d2/2fc1f784a/mod/txfma_ediff_opdorder_logic/lean/txfma_ediff_opdorder_logic_Lgraph.lean
txfma_exp_special_detect	ifx	0	0	0	0	ACCEPTED	4	not-measured	1.4	544552	accepted		/mada/users/czeng14/projects/livehd-d2-ir-semantics/generated/census_d2/2fc1f784a/mod/txfma_exp_special_detect/lean/txfma_exp_special_detect_Lgraph.lean
txfma_f0	plain	0	0	0	0	ACCEPTED	4	prior-smoke	7.0	762224	accepted		/mada/users/czeng14/projects/livehd-d2-ir-semantics/generated/census_d2/2fc1f784a/mod/txfma_f0/lean/txfma_f0_Lgraph.lean
txfma_f1	ifx	143	-	-	-			not-measured			compile-failed		
txfma_f2	plain	0	0	0	0	ACCEPTED	4	prior-smoke	44.7	1536012	accepted		/mada/users/czeng14/projects/livehd-d2-ir-semantics/generated/census_d2/2fc1f784a/mod/txfma_f2/lean/txfma_f2_Lgraph.lean
txfma_f3	plain	0	0	0	0	ACCEPTED	4	prior-smoke	5.8	704492	accepted		/mada/users/czeng14/projects/livehd-d2-ir-semantics/generated/census_d2/2fc1f784a/mod/txfma_f3/lean/txfma_f3_Lgraph.lean
txfma_f4	ifx	0	0	0	0	ACCEPTED	4	not-measured	17.5	1112100	accepted		/mada/users/czeng14/projects/livehd-d2-ir-semantics/generated/census_d2/2fc1f784a/mod/txfma_f4/lean/txfma_f4_Lgraph.lean
txfma_f5	plain	0	0	0	0	ACCEPTED	4	prior-smoke	2.2	574072	accepted		/mada/users/czeng14/projects/livehd-d2-ir-semantics/generated/census_d2/2fc1f784a/mod/txfma_f5/lean/txfma_f5_Lgraph.lean
txfma_f6	plain	0	0	0	0	ACCEPTED	4	prior-smoke	4.0	652476	accepted		/mada/users/czeng14/projects/livehd-d2-ir-semantics/generated/census_d2/2fc1f784a/mod/txfma_f6/lean/txfma_f6_Lgraph.lean
txfma_frac_zero_detect	ifx	0	0	0	0	ACCEPTED	4	not-measured	0.5	497944	accepted		/mada/users/czeng14/projects/livehd-d2-ir-semantics/generated/census_d2/2fc1f784a/mod/txfma_frac_zero_detect/lean/txfma_frac_zero_detect_Lgraph.lean
txfma_lxd	ifx	0	0	0	0	ACCEPTED	4	not-measured	10.1	869948	accepted		/mada/users/czeng14/projects/livehd-d2-ir-semantics/generated/census_d2/2fc1f784a/mod/txfma_lxd/lean/txfma_lxd_Lgraph.lean
txfma_norm_shf	ifx	0	0	0	0	ACCEPTED	4	not-measured	0.5	503608	accepted		/mada/users/czeng14/projects/livehd-d2-ir-semantics/generated/census_d2/2fc1f784a/mod/txfma_norm_shf/lean/txfma_norm_shf_Lgraph.lean
txfma_rnd_adder	ifx	0	0	0	0	ACCEPTED	4	not-measured	0.5	499132	accepted		/mada/users/czeng14/projects/livehd-d2-ir-semantics/generated/census_d2/2fc1f784a/mod/txfma_rnd_adder/lean/txfma_rnd_adder_Lgraph.lean
txfma_top	ifx	0	0	7	-			not-measured			lean-emit-failed		
txfma_top_fake	ifx	134	-	-	-			not-measured			compile-failed		
txfma_trz	ifx	0	0	0	0	ACCEPTED	4	not-measured	0.9	521624	accepted		/mada/users/czeng14/projects/livehd-d2-ir-semantics/generated/census_d2/2fc1f784a/mod/txfma_trz/lean/txfma_trz_Lgraph.lean
txfma_trz2	ifx	0	0	0	0	ACCEPTED	4	not-measured	4.4	668472	accepted		/mada/users/czeng14/projects/livehd-d2-ir-semantics/generated/census_d2/2fc1f784a/mod/txfma_trz2/lean/txfma_trz2_Lgraph.lean
txfma_wallace1	ifx	0	0	0	0	ACCEPTED	4	not-measured	113.4	2173032	accepted		/mada/users/czeng14/projects/livehd-d2-ir-semantics/generated/census_d2/2fc1f784a/mod/txfma_wallace1/lean/txfma_wallace1_Lgraph.lean
txfma_wallace2	ifx	0	0	0	0	ACCEPTED	4	not-measured	41.1	1482088	accepted		/mada/users/czeng14/projects/livehd-d2-ir-semantics/generated/census_d2/2fc1f784a/mod/txfma_wallace2/lean/txfma_wallace2_Lgraph.lean
txfmactl_top	ifx	0	0	0	0	ACCEPTED	4	not-measured	102.2	2066316	accepted		/mada/users/czeng14/projects/livehd-d2-ir-semantics/generated/census_d2/2fc1f784a/mod/txfmactl_top/lean/txfmactl_top_Lgraph.lean
txfmaexp_top	-							diffsim-mismatch			blocked	RTL differential mismatch (7/2980) under BOTH lowerings; pre-existing, unresolved	
txfmafrac_top	ifx	0	0	7	-			not-measured			lean-emit-failed		
vpu_bypass	ifx	0	0	0	0	ACCEPTED	4	not-measured	2.1	575224	accepted		/mada/users/czeng14/projects/livehd-d2-ir-semantics/generated/census_d2/2fc1f784a/mod/vpu_bypass/lean/vpu_bypass_Lgraph.lean
vpu_ctrl	ifx	0	7	-	-			not-measured			single_edge-failed	vpu_ctrl: memory `memory_29308:tena_rf.u_rf.rf_q` port 0 has a clock that resolves to a constant: a level-sensitive (latch-array) write, which has no edge to slot	
vpu_decoder	ifx	0	0	0	0	ACCEPTED	4	not-measured	24.4	1225592	accepted		/mada/users/czeng14/projects/livehd-d2-ir-semantics/generated/census_d2/2fc1f784a/mod/vpu_decoder/lean/vpu_decoder_Lgraph.lean
vpu_lane	ifx	0	7	-	-			not-measured			single_edge-failed		
vpu_lane_tima	ifx	0	0	0	0	ACCEPTED	4	not-measured	3.2	613104	accepted		/mada/users/czeng14/projects/livehd-d2-ir-semantics/generated/census_d2/2fc1f784a/mod/vpu_lane_tima/lean/vpu_lane_tima_Lgraph.lean
vpu_mask	ifx	0	0	0	0	ACCEPTED	4	not-measured	254.9	2780408	accepted		/mada/users/czeng14/projects/livehd-d2-ir-semantics/generated/census_d2/2fc1f784a/mod/vpu_mask/lean/vpu_mask_Lgraph.lean
vpu_ml	ifx	0	0	0	0	ACCEPTED	4	not-measured	26.0	1263676	accepted		/mada/users/czeng14/projects/livehd-d2-ir-semantics/generated/census_d2/2fc1f784a/mod/vpu_ml/lean/vpu_ml_Lgraph.lean
vpu_rf	ifx	0	7	-	-			not-measured			single_edge-failed	vpu_rf: memory `memory_388:gen_latch.u_rf.rf_q` port 0 has a clock that resolves to a constant: a level-sensitive (latch-array) write, which has no edge to slot	
vpu_sh_sw	ifx	0	0	0	0	ACCEPTED	4	not-measured	13.9	1017120	accepted		/mada/users/czeng14/projects/livehd-d2-ir-semantics/generated/census_d2/2fc1f784a/mod/vpu_sh_sw/lean/vpu_sh_sw_Lgraph.lean
vpu_tensora_rf	ifx	0	0	0	0	ACCEPTED	4	not-measured	0.5	501700	accepted		/mada/users/czeng14/projects/livehd-d2-ir-semantics/generated/census_d2/2fc1f784a/mod/vpu_tensora_rf/lean/vpu_tensora_rf_Lgraph.lean
vpu_tensorb_rf	ifx	0	0	0	0	ACCEPTED	4	not-measured	0.5	499684	accepted		/mada/users/czeng14/projects/livehd-d2-ir-semantics/generated/census_d2/2fc1f784a/mod/vpu_tensorb_rf/lean/vpu_tensorb_rf_Lgraph.lean
vpu_tensorc_rf	ifx	0	0	0	0	ACCEPTED	4	not-measured	0.5	501712	accepted		/mada/users/czeng14/projects/livehd-d2-ir-semantics/generated/census_d2/2fc1f784a/mod/vpu_tensorc_rf/lean/vpu_tensorc_rf_Lgraph.lean
vpu_tensorfma	ifx	0	0	0	0	ACCEPTED	4	not-measured	12.3	947764	accepted		/mada/users/czeng14/projects/livehd-d2-ir-semantics/generated/census_d2/2fc1f784a/mod/vpu_tensorfma/lean/vpu_tensorfma_Lgraph.lean
vpu_tensorquant	ifx	0	0	0	0	ACCEPTED	4	not-measured	5.4	707136	accepted		/mada/users/czeng14/projects/livehd-d2-ir-semantics/generated/census_d2/2fc1f784a/mod/vpu_tensorquant/lean/vpu_tensorquant_Lgraph.lean
vpu_tensorreduce	ifx	0	0	0	0	ACCEPTED	4	not-measured	2.2	572688	accepted		/mada/users/czeng14/projects/livehd-d2-ir-semantics/generated/census_d2/2fc1f784a/mod/vpu_tensorreduce/lean/vpu_tensorreduce_Lgraph.lean
vpu_tensortmp_rf	ifx	0	0	0	0	ACCEPTED	4	not-measured	0.6	501704	accepted		/mada/users/czeng14/projects/livehd-d2-ir-semantics/generated/census_d2/2fc1f784a/mod/vpu_tensortmp_rf/lean/vpu_tensortmp_rf_Lgraph.lean
vpu_top	ifx	-	-	-	-			not-measured			timeout		
vpu_trans	ifx	0	0	0	0	ACCEPTED	4	not-measured	21.0	1165920	accepted		/mada/users/czeng14/projects/livehd-d2-ir-semantics/generated/census_d2/2fc1f784a/mod/vpu_trans/lean/vpu_trans_Lgraph.lean
vpu_txfma_trans_top	ifx	0	7	-	-			not-measured			single_edge-failed	vpu_txfma_trans_top: latch `latch_140672` has an enable driven by state in a clock domain other than the reference, so its closing edge is not a slot of the reference clock	
vpu_uinst_decoder	ifx	0	0	0	0	ACCEPTED	4	not-measured	2.3	579372	accepted		/mada/users/czeng14/projects/livehd-d2-ir-semantics/generated/census_d2/2fc1f784a/mod/vpu_uinst_decoder/lean/vpu_uinst_decoder_Lgraph.lean
