module	status	stage	owner	cause_code	evidence	fix
intpipe_csr_msgs	EMITS_NOW	-	-	census-stale	"census said ""emit_fast_bridge is not supported for designs with memory nodes""; that refusal exists only in pass.isabelle now"	none - re-run the census
minion_dcache_reduce	EMITS_NOW	-	-	census-stale	same fast-bridge refusal, 4 memories	none - re-run the census
trans_exp_rom_case_c0	EMITS_NOW	-	-	census-stale	census said pass.lean ROM/memory refusal; ROM `init` support landed after 2026-08-20	none - re-run the census
trans_exp_rom_case_c1c2	EMITS_NOW	-	-	census-stale	as above	none - re-run the census
trans_log_rom_case_c0	EMITS_NOW	-	-	census-stale	as above	none - re-run the census
trans_log_rom_case_c1c2	EMITS_NOW	-	-	census-stale	as above	none - re-run the census
trans_rcp_rom_case_c0	EMITS_NOW	-	-	census-stale	as above	none - re-run the census
trans_rcp_rom_case_c1c2	EMITS_NOW	-	-	census-stale	as above	none - re-run the census
trans_rsqrt_rom_case_c0	EMITS_NOW	-	-	census-stale	as above	none - re-run the census
trans_rsqrt_rom_case_c1c2	EMITS_NOW	-	-	census-stale	as above	none - re-run the census
trans_sin_rom_case_c0	EMITS_NOW	-	-	census-stale	as above	none - re-run the census
trans_sin_rom_case_c1c2	EMITS_NOW	-	-	census-stale	as above	none - re-run the census
trans_top	EMITS_NOW	-	-	census-stale	as above; 96 flops, 6 ROMs (all async, so the sync-ROM bug below does not touch it)	none - re-run the census
txfma_booth_ppg_32r4	EMITS_NOW	-	-	census-stale	as above	none - re-run the census
txfma_booth_ppg_32r4_norm	EMITS_NOW	-	-	census-stale	as above	none - re-run the census
txfma_f1	EMITS_NOW	-	LiveHD (fixed)	sync-rom-no-clock-domain	Phase B keyed the clock walk on mem_order, which excludes ROMs; a SYNC ROM's read register then asked for a domain that was never recorded -> undiagnosed std::map::at abort	FIXED in 2a948ced8. Emits 13,840 nodes, ACCEPTED, and is the FIRST genuinely multi-domain certificate: 4 domains (ctrl_f0_clk 20 flops, multype_f1_clk 7, ctrl_f1_clk 2, multype_f0_clk 2)
txfmactl_top	EMITS_NOW	-	core-et RTL (patched)	-	the core-et source patch (scripts/coreet_patch_srcs.py, now run every time by run_coreet_module_lean.sh) clears the slang rejection; this module COMPILES now. 156 untyped ANSI outputs typed. EMITS A CERTIFICATE. This one file is a leaf in five other tops' hierarchies, which is why it gated six modules: slang elaborates the whole filelist, so its error aborted every compile that included it.	none -- derived copy in generated/core-et/patched_src/. Upstream fix is 4 `output` -> `output logic` edits in txfmactl_top.sv.
minion_top	GATED	compile	upstream (yosys-slang) / scale	frontend-hang	the core-et source patch (scripts/coreet_patch_srcs.py, now run every time by run_coreet_module_lean.sh) clears the slang rejection; this module COMPILES now. The RTL error is gone, revealing a pre-existing problem it was masking: the yosys front end does not finish. Exceeded a 45-minute cap with only lhd_compile.log written (1.2 GB RSS). Already known -- scripts/run_vc_sweep.sh:54 records minion_top and vpu_top as front-end hangs.	profile the slang/yosys front end on the full minion hierarchy; unrelated to pass.lean
txfma_top	GATED	lean-emit	LiveHD (inou_yosys_read.ys `proc -ifx`)	proc-ifx-selfref-hold-arm	"ORIGIN ESTABLISHED at yosys process lowering. `yosys read_rtlil pp-mem.il; scc` reports 40 SCC(s) under the shipped `proc -ifx` and 0 under plain `proc`. yosys documents -ifx as skipping proc_rmdead, which is what prunes the ""no branch matched"" hold arm of a full case; without it pmuxtree builds `Y = sel ? a : Y`. On txfma_e5 the SCC is two pmuxtree muxes on elxd_res_f5a_h (txfma_e5.sv:49), a case over a 1-BIT selector covering both values. txfma_e5 and txfma_f2 were read end to end and are strictly feed-forward: the loop is not written in the RTL. certificate emission NOT measured: this comparator skips pass.single_edge and the design has latches, so it refuses for an unrelated reason. Validate via run_coreet_module_lean.sh with YOSYS_SCRIPT. This is a LOWERING DIFFERENTIAL only -- it does not establish which 4-state/X semantics is faithful, since -ifx is yosys's simulation behaviour for undefined conditions and these files deliberately suppress CASEINCOMPLETE."	ESTABLISHED. Runs today with YOSYS_SCRIPT=<plain-proc variant> (see DIRECTION2_RESULTS.md SS11), but that is NOT a safe global default: plain proc blows up on intpipe_decode (2.4 GB and climbing at kill) and makes intpipe_csr_file/minion_dcache_top fail latch-contract C. The fix is a per-module escalation keyed on the -ifx SCC count, with the plain-proc retry in a fresh, externally time/RSS-bounded process; -ifx stays the default until defined-input equivalence is gated. NOT yet implemented. Note `cert emitted` = pass.lean exit 0 only -- no lake build / checkDesign / simulator acceptance yet, so this does not count toward the 122-module milestone.
vpu_lane	GATED	single_edge	LiveHD (by design)	off-reference-clock	the core-et source patch (scripts/coreet_patch_srcs.py, now run every time by run_coreet_module_lean.sh) clears the slang rejection; this module COMPILES now. Now refused by pass.single_edge: negedge flop `LANE_TIMA[0].lane_tima.u_tenb_rf.u_rf.wr_data_del_q` commits on a clock domain other than the reference. multi_clock=true exports plain POSEDGE state off-reference; negedge state there would need a phase divider of its own.	a second divider, or master/slave the pair. A correct refusal, not a defect -- but it marks the edge of what Phase B covers.
vpu_top	GATED	compile	upstream (yosys-slang) / scale	frontend-hang	the core-et source patch (scripts/coreet_patch_srcs.py, now run every time by run_coreet_module_lean.sh) clears the slang rejection; this module COMPILES now. Same as minion_top: RTL error cleared, front end then exceeds 45 minutes (790 MB RSS).	as minion_top
vpu_txfma_trans_top	GATED	single_edge	LiveHD (by design)	off-reference-clock	the core-et source patch (scripts/coreet_patch_srcs.py, now run every time by run_coreet_module_lean.sh) clears the slang rejection; this module COMPILES now. Now refused by pass.single_edge: latch `latch_140672` has an enable driven by state in a non-reference clock domain, so its closing edge is not a slot of the reference clock.	same as vpu_lane -- the data-gated-latch arm of the same limit
txfmaexp_top	GATED	lean-emit	LiveHD (inou_yosys_read.ys `proc -ifx`)	proc-ifx-selfref-hold-arm	"ORIGIN ESTABLISHED at yosys process lowering. `yosys read_rtlil pp-mem.il; scc` reports 1 SCC(s) under the shipped `proc -ifx` and 0 under plain `proc`. yosys documents -ifx as skipping proc_rmdead, which is what prunes the ""no branch matched"" hold arm of a full case; without it pmuxtree builds `Y = sel ? a : Y`. On txfma_e5 the SCC is two pmuxtree muxes on elxd_res_f5a_h (txfma_e5.sv:49), a case over a 1-BIT selector covering both values. txfma_e5 and txfma_f2 were read end to end and are strictly feed-forward: the loop is not written in the RTL. pass.lean emits a certificate on the plain-proc graph. This is a LOWERING DIFFERENTIAL only -- it does not establish which 4-state/X semantics is faithful, since -ifx is yosys's simulation behaviour for undefined conditions and these files deliberately suppress CASEINCOMPLETE."	BLOCKED by a SEPARATE, PRE-EXISTING bug. Plain proc removes its RTLIL SCC and a certificate is emitted, but the emitted netlist disagrees with the original RTL on 7 of 2980 defined-input vectors. Two controls show this work did not cause it: a netlist built by the DEFAULT -ifx flow reproduces the same 7 vectors with the same values, and a direct plain-proc vs -ifx netlist differential is DIFFSIM-PASS seed=1 vectors=2980 -- the two lowerings agree with each other and both differ from the RTL. Isolate that RTL-to-LGraph mismatch (state-dependent, in adjacent vector pairs) before accepting this module.
txfma_top_fake	GATED	compile	upstream (yosys-slang)	yosys-slang-unimplemented	"dropping `pure` from the DPI import WORKED -- elaboration now passes. It then aborts inside the yosys-slang frontend: ""Feature unimplemented at slang_frontend.cc:1254 (failed condition ret.size() == (int) expr.type->getBitstreamWidth())"", then two `!entered` asserts in statements.h:53. SIGABRT, exit 134."	upstream yosys-slang (povik/sv-elab). Not core-et and not our flow. Minimise a repro and file it.
txfma_adder	GATED	compile	our flow	leaf-elaborated-as-top	"txfma_adder.sv declares `parameter int unsigned Width = 0`; elaborated standalone that gives logic[-1:0] ports and sum_tmp[-1:0] -> ""value must be positive"" at :18 and ""endianness of selection must match declared range"" at :21. The module is correct when instantiated"	harness fix: skip parameterized leaves, pass a Width override, or reach it through a parent. Nothing wrong in LiveHD; arguably Width=0 is a poor RTL default
core_top	GATED	single_edge	LiveHD	memory-type-unsupported	u_frontend.gen_thread_buf[0].u_tb.buffer_pc has type=24: the yosys reader writes the per-read-port RD_CLK_ENABLE BITMASK into the Memory cell's one global `type`	represent per-read-port clocking in the Memory cell (graph/cell.cpp) and the $mem_v2 reader; highest-value single fix at 3 modules
minion_frontend	GATED	single_edge	LiveHD	memory-type-unsupported	gen_thread_buf[0].u_tb.buffer_pc, type=24	as above
minion_frontend_thread_buffer	GATED	single_edge	LiveHD	memory-type-unsupported	buffer_pc, type=24 (5 read ports, two registered)	as above
vpu_rf	GATED	single_edge	LiveHD	memory-latch-array	gen_latch.u_rf.rf_q port 0 clock resolves to a constant: yosys emits a level-sensitive register file as a $mem_v2 write port with WR_CLK_ENABLE=0	latch-phase analysis for memory ports, or a Memory-cell representation for a level-sensitive array
vpu_ctrl	GATED	single_edge	LiveHD	memory-latch-array	tena_rf.u_rf.rf_q port 0, same shape. NOTE this is the ONLY genuinely two-clock CORE-ET design (clock_sec 600 flops, clock_aon 185) and its clocks are no longer why it stops	as above
intpipe_top	GATED	single_edge	LiveHD	coincident-commit-edge	latch_27604 and rf.u_rf.wr_data_del_q commit on the same edge and the flop reads the latch combinationally (the L1/US7624363 hazard, pass_single_edge.cpp:601)	master/slave rewrite of the pair, or take the buffer-replacement arm the rule leaves open
txfma_f0	GATED	lean-emit	LiveHD (inou_yosys_read.ys `proc -ifx`)	proc-ifx-selfref-hold-arm	"ORIGIN ESTABLISHED at yosys process lowering. `yosys read_rtlil pp-mem.il; scc` reports 16 SCC(s) under the shipped `proc -ifx` and 0 under plain `proc`. yosys documents -ifx as skipping proc_rmdead, which is what prunes the ""no branch matched"" hold arm of a full case; without it pmuxtree builds `Y = sel ? a : Y`. On txfma_e5 the SCC is two pmuxtree muxes on elxd_res_f5a_h (txfma_e5.sv:49), a case over a 1-BIT selector covering both values. txfma_e5 and txfma_f2 were read end to end and are strictly feed-forward: the loop is not written in the RTL. pass.lean emits a certificate on the plain-proc graph. This is a LOWERING DIFFERENTIAL only -- it does not establish which 4-state/X semantics is faithful, since -ifx is yosys's simulation behaviour for undefined conditions and these files deliberately suppress CASEINCOMPLETE."	Runs today with YOSYS_SCRIPT=<plain-proc variant>: certificate emitted AND DIFFSIM-PASS seed=1 vectors=2574 against verilator reading the original RTL (scripts/coreet_equiv7.sh). That is randomized+directed DIFFERENTIAL SIMULATION, NOT formal equivalence, and `cert emitted` is pass.lean exit 0 -- no lake build / checkDesign / simulator acceptance yet, so this does not count toward the 122-module milestone. Plain proc is NOT a safe global default (it blows up on intpipe_decode and breaks intpipe_csr_file/minion_dcache_top), so the fix is a per-module escalation keyed on the -ifx SCC count with an externally bounded retry; -ifx stays the default and plain mode stays explicit/experimental. NOT yet implemented.
txfma_f2	GATED	lean-emit	LiveHD (inou_yosys_read.ys `proc -ifx`)	proc-ifx-selfref-hold-arm	"ORIGIN ESTABLISHED at yosys process lowering. `yosys read_rtlil pp-mem.il; scc` reports 2 SCC(s) under the shipped `proc -ifx` and 0 under plain `proc`. yosys documents -ifx as skipping proc_rmdead, which is what prunes the ""no branch matched"" hold arm of a full case; without it pmuxtree builds `Y = sel ? a : Y`. On txfma_e5 the SCC is two pmuxtree muxes on elxd_res_f5a_h (txfma_e5.sv:49), a case over a 1-BIT selector covering both values. txfma_e5 and txfma_f2 were read end to end and are strictly feed-forward: the loop is not written in the RTL. pass.lean emits a certificate on the plain-proc graph. This is a LOWERING DIFFERENTIAL only -- it does not establish which 4-state/X semantics is faithful, since -ifx is yosys's simulation behaviour for undefined conditions and these files deliberately suppress CASEINCOMPLETE."	Runs today with YOSYS_SCRIPT=<plain-proc variant>: certificate emitted AND DIFFSIM-PASS seed=1 vectors=2854 against verilator reading the original RTL (scripts/coreet_equiv7.sh). That is randomized+directed DIFFERENTIAL SIMULATION, NOT formal equivalence, and `cert emitted` is pass.lean exit 0 -- no lake build / checkDesign / simulator acceptance yet, so this does not count toward the 122-module milestone. Plain proc is NOT a safe global default (it blows up on intpipe_decode and breaks intpipe_csr_file/minion_dcache_top), so the fix is a per-module escalation keyed on the -ifx SCC count with an externally bounded retry; -ifx stays the default and plain mode stays explicit/experimental. NOT yet implemented.
txfma_f3	GATED	lean-emit	LiveHD (inou_yosys_read.ys `proc -ifx`)	proc-ifx-selfref-hold-arm	"ORIGIN ESTABLISHED at yosys process lowering. `yosys read_rtlil pp-mem.il; scc` reports 14 SCC(s) under the shipped `proc -ifx` and 0 under plain `proc`. yosys documents -ifx as skipping proc_rmdead, which is what prunes the ""no branch matched"" hold arm of a full case; without it pmuxtree builds `Y = sel ? a : Y`. On txfma_e5 the SCC is two pmuxtree muxes on elxd_res_f5a_h (txfma_e5.sv:49), a case over a 1-BIT selector covering both values. txfma_e5 and txfma_f2 were read end to end and are strictly feed-forward: the loop is not written in the RTL. pass.lean emits a certificate on the plain-proc graph. This is a LOWERING DIFFERENTIAL only -- it does not establish which 4-state/X semantics is faithful, since -ifx is yosys's simulation behaviour for undefined conditions and these files deliberately suppress CASEINCOMPLETE."	Runs today with YOSYS_SCRIPT=<plain-proc variant>: certificate emitted AND DIFFSIM-PASS seed=1 vectors=2566 against verilator reading the original RTL (scripts/coreet_equiv7.sh). That is randomized+directed DIFFERENTIAL SIMULATION, NOT formal equivalence, and `cert emitted` is pass.lean exit 0 -- no lake build / checkDesign / simulator acceptance yet, so this does not count toward the 122-module milestone. Plain proc is NOT a safe global default (it blows up on intpipe_decode and breaks intpipe_csr_file/minion_dcache_top), so the fix is a per-module escalation keyed on the -ifx SCC count with an externally bounded retry; -ifx stays the default and plain mode stays explicit/experimental. NOT yet implemented.
txfma_f5	GATED	lean-emit	LiveHD (inou_yosys_read.ys `proc -ifx`)	proc-ifx-selfref-hold-arm	"ORIGIN ESTABLISHED at yosys process lowering. `yosys read_rtlil pp-mem.il; scc` reports 1 SCC(s) under the shipped `proc -ifx` and 0 under plain `proc`. yosys documents -ifx as skipping proc_rmdead, which is what prunes the ""no branch matched"" hold arm of a full case; without it pmuxtree builds `Y = sel ? a : Y`. On txfma_e5 the SCC is two pmuxtree muxes on elxd_res_f5a_h (txfma_e5.sv:49), a case over a 1-BIT selector covering both values. txfma_e5 and txfma_f2 were read end to end and are strictly feed-forward: the loop is not written in the RTL. pass.lean emits a certificate on the plain-proc graph. This is a LOWERING DIFFERENTIAL only -- it does not establish which 4-state/X semantics is faithful, since -ifx is yosys's simulation behaviour for undefined conditions and these files deliberately suppress CASEINCOMPLETE."	Runs today with YOSYS_SCRIPT=<plain-proc variant>: certificate emitted AND DIFFSIM-PASS seed=1 vectors=2228 against verilator reading the original RTL (scripts/coreet_equiv7.sh). That is randomized+directed DIFFERENTIAL SIMULATION, NOT formal equivalence, and `cert emitted` is pass.lean exit 0 -- no lake build / checkDesign / simulator acceptance yet, so this does not count toward the 122-module milestone. Plain proc is NOT a safe global default (it blows up on intpipe_decode and breaks intpipe_csr_file/minion_dcache_top), so the fix is a per-module escalation keyed on the -ifx SCC count with an externally bounded retry; -ifx stays the default and plain mode stays explicit/experimental. NOT yet implemented.
txfma_e5	GATED	lean-emit	LiveHD (inou_yosys_read.ys `proc -ifx`)	proc-ifx-selfref-hold-arm	"ORIGIN ESTABLISHED at yosys process lowering. `yosys read_rtlil pp-mem.il; scc` reports 1 SCC(s) under the shipped `proc -ifx` and 0 under plain `proc`. yosys documents -ifx as skipping proc_rmdead, which is what prunes the ""no branch matched"" hold arm of a full case; without it pmuxtree builds `Y = sel ? a : Y`. On txfma_e5 the SCC is two pmuxtree muxes on elxd_res_f5a_h (txfma_e5.sv:49), a case over a 1-BIT selector covering both values. txfma_e5 and txfma_f2 were read end to end and are strictly feed-forward: the loop is not written in the RTL. pass.lean emits a certificate on the plain-proc graph. This is a LOWERING DIFFERENTIAL only -- it does not establish which 4-state/X semantics is faithful, since -ifx is yosys's simulation behaviour for undefined conditions and these files deliberately suppress CASEINCOMPLETE."	Runs today with YOSYS_SCRIPT=<plain-proc variant>: certificate emitted AND DIFFSIM-PASS seed=1 vectors=2326 against verilator reading the original RTL (scripts/coreet_equiv7.sh). That is randomized+directed DIFFERENTIAL SIMULATION, NOT formal equivalence, and `cert emitted` is pass.lean exit 0 -- no lake build / checkDesign / simulator acceptance yet, so this does not count toward the 122-module milestone. Plain proc is NOT a safe global default (it blows up on intpipe_decode and breaks intpipe_csr_file/minion_dcache_top), so the fix is a per-module escalation keyed on the -ifx SCC count with an externally bounded retry; -ifx stays the default and plain mode stays explicit/experimental. NOT yet implemented.
txfma_f6	GATED	lean-emit	LiveHD (inou_yosys_read.ys `proc -ifx`)	proc-ifx-selfref-hold-arm	"ORIGIN ESTABLISHED at yosys process lowering. `yosys read_rtlil pp-mem.il; scc` reports 6 SCC(s) under the shipped `proc -ifx` and 0 under plain `proc`. yosys documents -ifx as skipping proc_rmdead, which is what prunes the ""no branch matched"" hold arm of a full case; without it pmuxtree builds `Y = sel ? a : Y`. On txfma_e5 the SCC is two pmuxtree muxes on elxd_res_f5a_h (txfma_e5.sv:49), a case over a 1-BIT selector covering both values. txfma_e5 and txfma_f2 were read end to end and are strictly feed-forward: the loop is not written in the RTL. pass.lean emits a certificate on the plain-proc graph. This is a LOWERING DIFFERENTIAL only -- it does not establish which 4-state/X semantics is faithful, since -ifx is yosys's simulation behaviour for undefined conditions and these files deliberately suppress CASEINCOMPLETE."	Runs today with YOSYS_SCRIPT=<plain-proc variant>: certificate emitted AND DIFFSIM-PASS seed=1 vectors=2250 against verilator reading the original RTL (scripts/coreet_equiv7.sh). That is randomized+directed DIFFERENTIAL SIMULATION, NOT formal equivalence, and `cert emitted` is pass.lean exit 0 -- no lake build / checkDesign / simulator acceptance yet, so this does not count toward the 122-module milestone. Plain proc is NOT a safe global default (it blows up on intpipe_decode and breaks intpipe_csr_file/minion_dcache_top), so the fix is a per-module escalation keyed on the -ifx SCC count with an externally bounded retry; -ifx stays the default and plain mode stays explicit/experimental. NOT yet implemented.
intpipe_csr_file	GATED	lean-emit	LiveHD / origin partially localized	combinational-cycle-wordlevel	"RTLIL has 0 SCCs under BOTH `proc -ifx` and plain `proc`, so this is NOT the proc-ifx hold-arm cause that explains the txfma family. The cycle is present in the RAW yosys2lg LGraph with pass.cprop confirmed NOT run (""recipe"":[] in the emitted JSON), so it first appears at yosys2lg, not at cprop. Plain proc is not a candidate fix here: it makes this module FAIL TO COMPILE with 37 latch-contract rule C errors (proc_dlatch infers a real $dlatch where -ifx left a comb self-loop) while -ifx compiles cleanly."	OPEN. Cause narrowed to yosys2lg lowering. Do NOT apply the plain-proc fallback; measured, it makes this module fail to compile. Next: find which tolg construct introduces the self-reference in the raw graph.
minion_dcache_top	GATED	lean-emit	LiveHD / origin unestablished	combinational-cycle-wordlevel	RTLIL has 0 SCCs under BOTH `proc -ifx` and plain `proc`, so this is NOT the proc-ifx hold-arm cause. The LGraph stage is NOT measured: the provenance probe runs pass.lean without pass.single_edge, so this design refuses on a negedge flop for a reason unrelated to cycles. Plain proc is not a candidate fix: it makes this module FAIL TO COMPILE with latch-contract rule C while -ifx compiles cleanly.	OPEN. Needs a provenance run that includes pass.single_edge before anything can be said about where its cycle appears. Do NOT apply the plain-proc fallback.
txfmafrac_top	GATED	lean-emit	LiveHD (inou_yosys_read.ys `proc -ifx`)	proc-ifx-selfref-hold-arm	"ORIGIN ESTABLISHED at yosys process lowering. `yosys read_rtlil pp-mem.il; scc` reports 39 SCC(s) under the shipped `proc -ifx` and 0 under plain `proc`. yosys documents -ifx as skipping proc_rmdead, which is what prunes the ""no branch matched"" hold arm of a full case; without it pmuxtree builds `Y = sel ? a : Y`. On txfma_e5 the SCC is two pmuxtree muxes on elxd_res_f5a_h (txfma_e5.sv:49), a case over a 1-BIT selector covering both values. txfma_e5 and txfma_f2 were read end to end and are strictly feed-forward: the loop is not written in the RTL. certificate emission NOT measured: this comparator skips pass.single_edge and the design has latches, so it refuses for an unrelated reason. Validate via run_coreet_module_lean.sh with YOSYS_SCRIPT. This is a LOWERING DIFFERENTIAL only -- it does not establish which 4-state/X semantics is faithful, since -ifx is yosys's simulation behaviour for undefined conditions and these files deliberately suppress CASEINCOMPLETE."	ESTABLISHED. Runs today with YOSYS_SCRIPT=<plain-proc variant> (see DIRECTION2_RESULTS.md SS11), but that is NOT a safe global default: plain proc blows up on intpipe_decode (2.4 GB and climbing at kill) and makes intpipe_csr_file/minion_dcache_top fail latch-contract C. The fix is a per-module escalation keyed on the -ifx SCC count, with the plain-proc retry in a fresh, externally time/RSS-bounded process; -ifx stays the default until defined-input equivalence is gated. NOT yet implemented. Note `cert emitted` = pass.lean exit 0 only -- no lake build / checkDesign / simulator acceptance yet, so this does not count toward the 122-module milestone.
