module	verdict	reason	sources	nodes	outputs	flops	mems	inputs	check_ms	step1_ms	run_ms	cycles	wall_s	rss_kb	path
PipelinedCPU	ACCEPTED		4711	5061	9	64	0	7	66	350	1380	4	42.3	1251416	/soe/czeng14/projects/livehd-new/generated/b1_b2_verified_compiler_review/dino/lean/PipelinedCPU_Lgraph.lean
PipelinedDualIssueCPU	ACCEPTED		9862	10740	9	97	0	7	133	705	2799	4	134.7	2166320	/soe/czeng14/projects/livehd-new/generated/b1_b2_verified_compiler_review/dino/lean/PipelinedDualIssueCPU_Lgraph.lean
SingleCycleCPU	ACCEPTED		4438	4772	9	33	0	7	60	342	1340	4	35.3	1221232	/soe/czeng14/projects/livehd-new/generated/b1_b2_verified_compiler_review/dino/lean/SingleCycleCPU_Lgraph.lean
aes_gate	ACCEPTED		6	4	1	0	0	3	0	1	0	4	1.4	470844	/soe/czeng14/projects/livehd-new/generated/cva6_vc/lean.pre_v8/aes_gate_Lgraph.lean
aes_gate	ACCEPTED		8658	11681	1	0	0	3	131	564	2317	4	133.3	2197884	/soe/czeng14/projects/livehd-new/generated/cva6_vc/mod/aes/lean/aes_gate_Lgraph.lean
alu_gate	ACCEPTED		429	436	2	0	0	3	11	78	240	4	3.2	549404	/soe/czeng14/projects/livehd-new/generated/cva6_vc/lean.pre_v8/alu_gate_Lgraph.lean
alu_gate	ACCEPTED		6137	6597	2	0	0	3	81	754	3060	4	63.8	1498048	/soe/czeng14/projects/livehd-new/generated/cva6_vc/mod/alu/lean/alu_gate_Lgraph.lean
alu_wrapper_gate	ACCEPTED		6134	6595	2	0	0	3	77	793	2996	4	58.1	1478352	/soe/czeng14/projects/livehd-new/generated/cva6_vc/mod/alu_wrapper/lean/alu_wrapper_gate_Lgraph.lean
amo_buffer_gate	ACCEPTED		166	186	2	7	0	11	7	33	65	4	2.4	496232	/soe/czeng14/projects/livehd-new/generated/cva6_vc/mod/amo_buffer/lean/amo_buffer_gate_Lgraph.lean
ariane_regfile_gate	ACCEPTED		1034	1121	1	32	0	7	24	16	54	4	6.4	652176	/soe/czeng14/projects/livehd-new/generated/cva6_vc/mod/ariane_regfile/lean/ariane_regfile_gate_Lgraph.lean
bht_gate	ACCEPTED		7372	7275	1	256	0	6	102	2396	9284	4	87.4	1650400	/soe/czeng14/projects/livehd-new/generated/cva6_vc/mod/bht/lean/bht_gate_Lgraph.lean
branch_unit_gate	ACCEPTED		180	191	4	0	0	9	4	24	69	4	2.4	498948	/soe/czeng14/projects/livehd-new/generated/cva6_vc/mod/branch_unit/lean/branch_unit_gate_Lgraph.lean
btb_gate	ACCEPTED		1784	1782	1	64	0	6	24	2847	11332	4	36.0	745816	/soe/czeng14/projects/livehd-new/generated/cva6_vc/mod/btb/lean/btb_gate_Lgraph.lean
commit_stage_gate	ACCEPTED		1188	1276	22	0	0	13	26	211	786	4	9.0	663476	/soe/czeng14/projects/livehd-new/generated/cva6_vc/mod/commit_stage/lean/commit_stage_gate_Lgraph.lean
compressed_decoder_gate	ACCEPTED		1913	2022	5	0	0	1	28	83	337	4	11.9	783220	/soe/czeng14/projects/livehd-new/generated/cva6_vc/mod/compressed_decoder/lean/compressed_decoder_gate_Lgraph.lean
controller_gate	ACCEPTED		118	104	13	3	0	17	5	5	11	4	2.0	487792	/soe/czeng14/projects/livehd-new/generated/cva6_vc/mod/controller/lean/controller_gate_Lgraph.lean
controller_gate	ACCEPTED		118	104	13	3	0	17	4	5	11	4	2.2	486260	/soe/czeng14/projects/livehd-new/generated/cva6_vc/lean.pre_v8/controller_gate_Lgraph.lean
csr_buffer_gate	ACCEPTED		45	44	3	2	0	6	1	2	6	4	1.5	478340	/soe/czeng14/projects/livehd-new/generated/cva6_vc/mod/csr_buffer/lean/csr_buffer_gate_Lgraph.lean
csr_buffer_gate	ACCEPTED		45	44	3	2	0	6	2	3	7	4	1.6	476828	/soe/czeng14/projects/livehd-new/generated/cva6_vc/lean.pre_v8/csr_buffer_gate_Lgraph.lean
csr_regfile_gate	ACCEPTED		32822	34874	60	136	0	24	622	35870	139609	4	1837.0	5991096	/soe/czeng14/projects/livehd-new/generated/cva6_vc/mod/csr_regfile/lean/csr_regfile_gate_Lgraph.lean
cva6_fifo_v3_gate	ACCEPTED		292	291	4	31	0	6	11	169	591	4	3.7	530232	/soe/czeng14/projects/livehd-new/generated/cva6_vc/mod/cva6_fifo_v3/lean/cva6_fifo_v3_gate_Lgraph.lean
cva6_hpdcache_if_adapter_gate	ACCEPTED		76	80	8	0	0	8	2	23	68	4	2.3	484784	/soe/czeng14/projects/livehd-new/generated/cva6_vc/mod/cva6_hpdcache_if_adapter/lean/cva6_hpdcache_if_adapter_gate_Lgraph.lean
cva6_icache_gate	ACCEPTED		806	899	5	10	0	9	20	69	235	4	5.5	601648	/soe/czeng14/projects/livehd-new/generated/cva6_vc/mod/cva6_icache/lean/cva6_icache_gate_Lgraph.lean
cva6_ptw_gate	ACCEPTED		3424	3775	12	11	0	26	66	160	547	4	24.2	1063172	/soe/czeng14/projects/livehd-new/generated/cva6_vc/mod/cva6_ptw/lean/cva6_ptw_gate_Lgraph.lean
cva6_shared_tlb_gate	ACCEPTED		146	136	8	5	0	22	6	31	61	4	2.3	492552	/soe/czeng14/projects/livehd-new/generated/cva6_vc/mod/cva6_shared_tlb/lean/cva6_shared_tlb_gate_Lgraph.lean
cvxif_compressed_if_driver_gate	ACCEPTED		48	53	6	0	0	10	2	6	21	4	1.3	483816	/soe/czeng14/projects/livehd-new/generated/cva6_vc/mod/cvxif_compressed_if_driver/lean/cvxif_compressed_if_driver_gate_Lgraph.lean
cvxif_fu_gate	ACCEPTED		28	23	8	0	0	8	1	5	17	4	1.8	477116	/soe/czeng14/projects/livehd-new/generated/cva6_vc/mod/cvxif_fu/lean/cvxif_fu_gate_Lgraph.lean
cvxif_issue_register_commit_if_driver_gate	ACCEPTED		40	38	6	0	0	12	1	9	30	4	1.8	473864	/soe/czeng14/projects/livehd-new/generated/cva6_vc/mod/cvxif_issue_register_commit_if_driver/lean/cvxif_issue_register_commit_if_driver_gate_Lgraph.lean
debug_breakpoint	ACCEPTED		146	165	4	0	0	8	5	15	40	4	2.6	494992	/soe/czeng14/projects/livehd-new/generated/vc_sweep/lean/debug_breakpoint_Lgraph.lean
decoder_gate	ACCEPTED		8373	8971	3	0	0	30	181	388	1266	4	97.7	1900192	/soe/czeng14/projects/livehd-new/generated/cva6_vc/mod/decoder/lean/decoder_gate_Lgraph.lean
fpu_wrap_gate	ACCEPTED		24034	27523	6	275	0	9	389	1600	6279	4	776.9	4682900	/soe/czeng14/projects/livehd-new/generated/cva6_vc/lean.pre_v8/fpu_wrap_gate_Lgraph.lean
fpu_wrap_gate	ACCEPTED		24825	28410	6	275	0	9	394	1652	6461	4	910.7	4764300	/soe/czeng14/projects/livehd-new/generated/cva6_vc/mod/fpu_wrap/lean/fpu_wrap_gate_Lgraph.lean
frontend_gate	ACCEPTED		13451	13612	3	409	0	18	239	5955	23318	4	267.9	2660640	/soe/czeng14/projects/livehd-new/generated/cva6_vc/mod/frontend/lean/frontend_gate_Lgraph.lean
id_stage_gate	ACCEPTED		10527	11229	10	29	0	29	220	811	2958	4	134.8	2237576	/soe/czeng14/projects/livehd-new/generated/cva6_vc/mod/id_stage/lean/id_stage_gate_Lgraph.lean
instr_queue_gate	ACCEPTED		1100	1186	6	71	0	14	26	425	1612	4	10.5	657880	/soe/czeng14/projects/livehd-new/generated/cva6_vc/mod/instr_queue/lean/instr_queue_gate_Lgraph.lean
instr_realign_gate	ACCEPTED		122	143	4	3	0	6	5	16	41	4	2.1	490268	/soe/czeng14/projects/livehd-new/generated/cva6_vc/mod/instr_realign/lean/instr_realign_gate_Lgraph.lean
instr_scan_gate	ACCEPTED		1230	1257	13	0	0	1	22	104	407	4	7.8	672212	/soe/czeng14/projects/livehd-new/generated/cva6_vc/mod/instr_scan/lean/instr_scan_gate_Lgraph.lean
intpipe_alu	ACCEPTED		4045	5118	2	0	0	4	63	212	829	4	35.4	1250916	/soe/czeng14/projects/livehd-new/generated/vc_sweep/lean/intpipe_alu_Lgraph.lean
intpipe_alu	ACCEPTED		4045	5118	2	0	0	4	65	238	803	4	38.6	1269868	/soe/czeng14/projects/livehd-new/generated/vc_sweep2/lean/intpipe_alu_Lgraph.lean
intpipe_csr_file_conv	ACCEPTED		439	464	4	7	0	9	20	23	59	4	2.7	554408	/soe/czeng14/projects/livehd-new/generated/vc_async_check/lean/intpipe_csr_file_conv_Lgraph.lean
intpipe_csr_file_fl_barrier	ACCEPTED		63	65	10	5	0	9	1	2	3	4	1.8	480180	/soe/czeng14/projects/livehd-new/generated/vc_async_check/lean/intpipe_csr_file_fl_barrier_Lgraph.lean
intpipe_csr_msgs	ACCEPTED		6510	7447	11	53	1	20	127	405	1500	4	68.1	1601360	/soe/czeng14/projects/livehd-new/generated/vc_async_check/lean/intpipe_csr_msgs_Lgraph.lean
intpipe_csr_msgs	ACCEPTED		6510	7447	11	53	1	20	124	397	1461	4	67.1	1600944	/soe/czeng14/projects/livehd-new/generated/vc_sweep2/lean/intpipe_csr_msgs_Lgraph.lean
intpipe_csr_pmu_read_interface	ACCEPTED		148	185	3	6	0	5	5	7	18	4	2.2	496356	/soe/czeng14/projects/livehd-new/generated/vc_async_check/lean/intpipe_csr_pmu_read_interface_Lgraph.lean
intpipe_csr_replay	ACCEPTED		1054	1133	2	6	0	44	41	49	105	4	7.0	647524	/soe/czeng14/projects/livehd-new/generated/vc_async_check/lean/intpipe_csr_replay_Lgraph.lean
intpipe_decode	ACCEPTED		6161	6659	1	0	0	1	80	228	931	4	58.2	1485228	/soe/czeng14/projects/livehd-new/generated/vc_sweep/lean/intpipe_decode_Lgraph.lean
intpipe_fp_scoreboard	ACCEPTED		1300	1427	2	0	0	4	21	67	256	4	9.1	678460	/soe/czeng14/projects/livehd-new/generated/vc_sweep/lean/intpipe_fp_scoreboard_Lgraph.lean
intpipe_imm	ACCEPTED		226	242	1	0	0	2	7	35	78	4	2.7	512348	/soe/czeng14/projects/livehd-new/generated/vc_sweep/lean/intpipe_imm_Lgraph.lean
intpipe_inst_bits_stage	ACCEPTED		176	176	1	32	0	7	6	17	40	4	2.1	500912	/soe/czeng14/projects/livehd-new/generated/vc_sweep/lean/intpipe_inst_bits_stage_Lgraph.lean
intpipe_int_scoreboard	ACCEPTED		943	1095	3	0	0	8	21	42	153	4	6.8	631948	/soe/czeng14/projects/livehd-new/generated/vc_sweep/lean/intpipe_int_scoreboard_Lgraph.lean
intpipe_mask_scoreboard	ACCEPTED		837	953	2	0	0	4	20	58	196	4	6.2	618200	/soe/czeng14/projects/livehd-new/generated/vc_sweep/lean/intpipe_mask_scoreboard_Lgraph.lean
intpipe_rf	ACCEPTED		1370	1618	2	65	0	9	32	29	107	4	8.2	716040	/soe/czeng14/projects/livehd-new/generated/vc_sweep/lean/intpipe_rf_Lgraph.lean
issue_read_operands_gate	ACCEPTED		6172	6844	36	89	0	21	114	4651	18224	4	107.3	1533500	/soe/czeng14/projects/livehd-new/generated/cva6_vc/mod/issue_read_operands/lean/issue_read_operands_gate_Lgraph.lean
issue_stage_gate	ACCEPTED		14630	15601	40	324	0	31	306	32585	127044	4	573.2	2896528	/soe/czeng14/projects/livehd-new/generated/cva6_vc/mod/issue_stage/lean/issue_stage_gate_Lgraph.lean
load_unit_gate	ACCEPTED		2620	2788	12	28	0	15	43	207	796	4	17.9	919008	/soe/czeng14/projects/livehd-new/generated/cva6_vc/mod/load_unit/lean/load_unit_gate_Lgraph.lean
lsu_bypass_gate	ACCEPTED		359	361	2	31	0	8	12	135	456	4	3.8	539336	/soe/czeng14/projects/livehd-new/generated/cva6_vc/lean.pre_v8/lsu_bypass_gate_Lgraph.lean
lsu_bypass_gate	ACCEPTED		359	361	2	31	0	8	12	145	480	4	3.7	539044	/soe/czeng14/projects/livehd-new/generated/cva6_vc/mod/lsu_bypass/lean/lsu_bypass_gate_Lgraph.lean
minion_dcache_atomic_alu_unit	ACCEPTED		849	919	1	0	0	7	19	36	130	4	5.8	614724	/soe/czeng14/projects/livehd-new/generated/vc_sweep/lean/minion_dcache_atomic_alu_unit_Lgraph.lean
minion_dcache_cache_op_unit	ACCEPTED		3813	4248	36	73	0	30	93	206	676	4	29.0	1153420	/soe/czeng14/projects/livehd-new/generated/vc_async_check/lean/minion_dcache_cache_op_unit_Lgraph.lean
minion_dcache_cache_op_unit_l2	ACCEPTED		1220	1426	18	36	0	21	25	88	303	4	9.2	693112	/soe/czeng14/projects/livehd-new/generated/vc_async_check/lean/minion_dcache_cache_op_unit_l2_Lgraph.lean
minion_dcache_cache_op_unit_l2	ACCEPTED		1220	1426	18	36	0	21	40	86	303	4	8.4	689660	/soe/czeng14/projects/livehd-new/generated/vc_sweep2/lean/minion_dcache_cache_op_unit_l2_Lgraph.lean
minion_dcache_lru_array	ACCEPTED		255	286	1	16	0	6	10	8	20	4	2.4	517856	/soe/czeng14/projects/livehd-new/generated/vc_sweep/lean/minion_dcache_lru_array_Lgraph.lean
minion_dcache_miss_handler	ACCEPTED		1500	1663	39	24	0	16	29	131	433	4	11.1	735736	/soe/czeng14/projects/livehd-new/generated/vc_sweep/lean/minion_dcache_miss_handler_Lgraph.lean
minion_dcache_miss_handler	ACCEPTED		1500	1663	39	24	0	16	27	133	438	4	11.5	725444	/soe/czeng14/projects/livehd-new/generated/vc_sweep2/lean/minion_dcache_miss_handler_Lgraph.lean
minion_dcache_miss_handler_unit	ACCEPTED		3135	3556	38	55	0	14	55	634	2337	4	27.8	1018572	/soe/czeng14/projects/livehd-new/generated/vc_async_check/lean/minion_dcache_miss_handler_unit_Lgraph.lean
minion_dcache_miss_handler_unit	ACCEPTED		3135	3556	38	55	0	14	58	609	2290	4	26.4	1021136	/soe/czeng14/projects/livehd-new/generated/vc_sweep2/lean/minion_dcache_miss_handler_unit_Lgraph.lean
minion_dcache_pma_unit	ACCEPTED		387	532	1	0	0	6	12	16	43	4	2.8	556044	/soe/czeng14/projects/livehd-new/generated/vc_sweep/lean/minion_dcache_pma_unit_Lgraph.lean
minion_dcache_reduce	ACCEPTED		2567	2945	42	64	4	28	59	223	781	4	19.8	922332	/soe/czeng14/projects/livehd-new/generated/vc_async_check/lean/minion_dcache_reduce_Lgraph.lean
minion_dcache_scratchpad_ctrl	ACCEPTED		140	165	10	3	0	5	5	4	13	4	2.5	494552	/soe/czeng14/projects/livehd-new/generated/vc_sweep/lean/minion_dcache_scratchpad_ctrl_Lgraph.lean
minion_dcache_store_merge_unit	ACCEPTED		3011	3152	1	0	0	7	48	187	754	4	18.2	963188	/soe/czeng14/projects/livehd-new/generated/vc_sweep/lean/minion_dcache_store_merge_unit_Lgraph.lean
minion_dcache_tensor_load	ACCEPTED		9349	11424	27	112	0	21	194	635	2331	4	145.8	2227968	/soe/czeng14/projects/livehd-new/generated/vc_async_check/lean/minion_dcache_tensor_load_Lgraph.lean
minion_dcache_tensor_load	ACCEPTED		9349	11424	27	112	0	21	192	633	2317	4	155.2	2198840	/soe/czeng14/projects/livehd-new/generated/vc_sweep2/lean/minion_dcache_tensor_load_Lgraph.lean
minion_dcache_texsend	ACCEPTED		7	0	7	0	0	0	1	0	0	4	1.4	472804	/soe/czeng14/projects/livehd-new/generated/vc_sweep/lean/minion_dcache_texsend_Lgraph.lean
minion_dcache_writeback_unit	ACCEPTED		329	357	6	15	0	8	11	38	101	4	2.9	529908	/soe/czeng14/projects/livehd-new/generated/vc_sweep/lean/minion_dcache_writeback_unit_Lgraph.lean
minion_debug_apb_slv	ACCEPTED		617	695	8	8	0	10	17	33	91	4	4.2	586124	/soe/czeng14/projects/livehd-new/generated/vc_async_check/lean/minion_debug_apb_slv_Lgraph.lean
minion_frontend_rvc_expander	ACCEPTED		1721	1829	1	0	0	1	23	80	333	4	11.9	748520	/soe/czeng14/projects/livehd-new/generated/vc_sweep/lean/minion_frontend_rvc_expander_Lgraph.lean
minion_frontend_thread_sched	ACCEPTED		32	36	2	2	0	5	1	1	1	4	1.4	476796	/soe/czeng14/projects/livehd-new/generated/vc_async_check/lean/minion_frontend_thread_sched_Lgraph.lean
mult_gate	ACCEPTED		3870	4202	4	19	0	5	63	534	1996	4	34.9	1164448	/soe/czeng14/projects/livehd-new/generated/cva6_vc/mod/mult/lean/mult_gate_Lgraph.lean
multiplier_gate	ACCEPTED		2132	2329	3	6	0	7	31	329	1228	4	14.3	853592	/soe/czeng14/projects/livehd-new/generated/cva6_vc/mod/multiplier/lean/multiplier_gate_Lgraph.lean
null_vpu	ACCEPTED		10	0	10	0	0	0	1	0	1	4	1.6	471460	/soe/czeng14/projects/livehd-new/generated/vc_sweep/lean/null_vpu_Lgraph.lean
perf_counters_gate	ACCEPTED		1652	1959	1	12	0	24	39	204	722	4	12.0	758496	/soe/czeng14/projects/livehd-new/generated/cva6_vc/mod/perf_counters/lean/perf_counters_gate_Lgraph.lean
pmp_data_if_gate	ACCEPTED		4056	4499	4	0	0	13	70	212	798	4	33.3	1163840	/soe/czeng14/projects/livehd-new/generated/cva6_vc/mod/pmp_data_if/lean/pmp_data_if_gate_Lgraph.lean
pmp_entry_gate	ACCEPTED		264	297	1	0	0	4	9	18	40	4	2.7	517564	/soe/czeng14/projects/livehd-new/generated/cva6_vc/mod/pmp_entry/lean/pmp_entry_gate_Lgraph.lean
pmp_gate	ACCEPTED		2881	3213	1	0	0	5	47	105	436	4	21.7	954128	/soe/czeng14/projects/livehd-new/generated/cva6_vc/mod/pmp/lean/pmp_gate_Lgraph.lean
ras_gate	ACCEPTED		57	54	1	4	0	6	2	13	46	4	1.7	483572	/soe/czeng14/projects/livehd-new/generated/cva6_vc/mod/ras/lean/ras_gate_Lgraph.lean
raw_checker_gate	ACCEPTED		304	353	2	0	0	8	10	15	37	4	2.6	524164	/soe/czeng14/projects/livehd-new/generated/cva6_vc/mod/raw_checker/lean/raw_checker_gate_Lgraph.lean
scoreboard_gate	ACCEPTED		9340	9584	10	235	0	19	170	31935	127489	4	397.9	2006200	/soe/czeng14/projects/livehd-new/generated/cva6_vc/mod/scoreboard/lean/scoreboard_gate_Lgraph.lean
serdiv_gate	ACCEPTED		1082	1180	4	12	0	9	34	51	188	4	7.9	656068	/soe/czeng14/projects/livehd-new/generated/cva6_vc/mod/serdiv/lean/serdiv_gate_Lgraph.lean
store_buffer_gate	ACCEPTED		1331	1387	7	62	0	14	31	621	2450	4	14.4	681128	/soe/czeng14/projects/livehd-new/generated/cva6_vc/mod/store_buffer/lean/store_buffer_gate_Lgraph.lean
store_unit_gate	ACCEPTED		2273	2448	17	76	0	15	39	698	2689	4	22.7	866204	/soe/czeng14/projects/livehd-new/generated/cva6_vc/mod/store_unit/lean/store_unit_gate_Lgraph.lean
tima_adder	ACCEPTED		5	4	1	0	0	2	0	1	1	4	1.3	472180	/soe/czeng14/projects/livehd-new/generated/vc_sweep/lean/tima_adder_Lgraph.lean
tima_top	ACCEPTED		691	706	1	7	0	10	22	37	102	4	4.6	583928	/soe/czeng14/projects/livehd-new/generated/vc_sweep/lean/tima_top_Lgraph.lean
trans_exp_rom_case_c0	ACCEPTED		11	11	1	0	0	1	1	2	3	4	1.9	474232	/soe/czeng14/projects/livehd-new/generated/rom_implementation_review/actual_export/lean/trans_exp_rom_case_c0_Lgraph.lean
trans_exp_rom_case_c0	ACCEPTED		11	11	1	0	0	1	1	2	3	4	1.6	476688	/soe/czeng14/projects/livehd-new/generated/vc_sweep2/lean/trans_exp_rom_case_c0_Lgraph.lean
trans_exp_rom_case_c1c2	ACCEPTED		21	20	1	0	0	1	1	2	8	4	1.9	476248	/soe/czeng14/projects/livehd-new/generated/vc_sweep2/lean/trans_exp_rom_case_c1c2_Lgraph.lean
trans_log_rom_case_c0	ACCEPTED		11	11	1	0	0	1	1	1	4	4	1.7	475308	/soe/czeng14/projects/livehd-new/generated/vc_sweep2/lean/trans_log_rom_case_c0_Lgraph.lean
trans_log_rom_case_c1c2	ACCEPTED		21	20	1	0	0	1	0	4	11	4	1.7	480188	/soe/czeng14/projects/livehd-new/generated/vc_sweep2/lean/trans_log_rom_case_c1c2_Lgraph.lean
trans_rcp_rom_case_c0	ACCEPTED		7	7	1	0	0	1	0	2	1	4	1.3	475692	/soe/czeng14/projects/livehd-new/generated/vc_sweep2/lean/trans_rcp_rom_case_c0_Lgraph.lean
trans_rcp_rom_case_c1c2	ACCEPTED		21	20	1	0	0	1	1	4	10	4	1.3	474896	/soe/czeng14/projects/livehd-new/generated/vc_sweep2/lean/trans_rcp_rom_case_c1c2_Lgraph.lean
trans_rsqrt_rom_case_c0	ACCEPTED		6	6	1	0	0	1	0	3	4	4	2.2	480100	/soe/czeng14/projects/livehd-new/generated/vc_sweep2/lean/trans_rsqrt_rom_case_c0_Lgraph.lean
trans_rsqrt_rom_case_c1c2	ACCEPTED		20	19	1	0	0	1	1	8	16	4	1.6	481012	/soe/czeng14/projects/livehd-new/generated/vc_sweep2/lean/trans_rsqrt_rom_case_c1c2_Lgraph.lean
trans_sin_rom_case_c0	ACCEPTED		24	23	1	0	0	1	1	3	9	4	1.6	473976	/soe/czeng14/projects/livehd-new/generated/vc_sweep2/lean/trans_sin_rom_case_c0_Lgraph.lean
trans_sin_rom_case_c1c2	ACCEPTED		30	28	1	0	0	1	1	5	17	4	1.7	481028	/soe/czeng14/projects/livehd-new/generated/vc_sweep2/lean/trans_sin_rom_case_c1c2_Lgraph.lean
trans_top	ACCEPTED		788	753	1	96	0	5	15	41	135	4	6.0	615000	/soe/czeng14/projects/livehd-new/generated/vc_sweep2/lean/trans_top_Lgraph.lean
txfma_4_2_compressor	ACCEPTED		33	42	3	0	0	5	2	2	4	4	1.6	476740	/soe/czeng14/projects/livehd-new/generated/vc_sweep/lean/txfma_4_2_compressor_Lgraph.lean
txfma_4_2_compressor_array	ACCEPTED		3480	4048	2	0	0	4	52	195	791	4	29.3	1069468	/soe/czeng14/projects/livehd-new/generated/vc_sweep/lean/txfma_4_2_compressor_array_Lgraph.lean
txfma_align_shf	ACCEPTED		4	3	1	0	0	2	1	1	2	4	1.3	472188	/soe/czeng14/projects/livehd-new/generated/vc_sweep/lean/txfma_align_shf_Lgraph.lean
txfma_booth_ppg_32r4	ACCEPTED		1828	2092	19	0	0	4	30	103	384	4	11.2	792844	/soe/czeng14/projects/livehd-new/generated/vc_sweep2/lean/txfma_booth_ppg_32r4_Lgraph.lean
txfma_booth_ppg_32r4_msb	ACCEPTED		10	11	1	0	0	3	1	1	1	4	1.7	473288	/soe/czeng14/projects/livehd-new/generated/vc_sweep/lean/txfma_booth_ppg_32r4_msb_Lgraph.lean
txfma_booth_ppg_32r4_norm	ACCEPTED		36	45	1	0	0	3	1	2	8	4	1.6	481548	/soe/czeng14/projects/livehd-new/generated/vc_sweep2/lean/txfma_booth_ppg_32r4_norm_Lgraph.lean
txfma_c0	ACCEPTED		2268	2902	91	11	0	56	73	93	225	4	16.2	906532	/soe/czeng14/projects/livehd-new/generated/vc_sweep/lean/txfma_c0_Lgraph.lean
txfma_c1	ACCEPTED		156	178	16	0	0	16	7	9	22	4	2.5	498220	/soe/czeng14/projects/livehd-new/generated/vc_sweep/lean/txfma_c1_Lgraph.lean
txfma_c2	ACCEPTED		1606	1785	47	0	0	24	37	73	184	4	9.9	751196	/soe/czeng14/projects/livehd-new/generated/vc_sweep/lean/txfma_c2_Lgraph.lean
txfma_c3	ACCEPTED		1895	2030	15	0	0	44	61	80	154	4	10.1	780512	/soe/czeng14/projects/livehd-new/generated/vc_sweep/lean/txfma_c3_Lgraph.lean
txfma_c4	ACCEPTED		270	303	8	0	0	10	10	10	23	4	2.4	519392	/soe/czeng14/projects/livehd-new/generated/vc_sweep/lean/txfma_c4_Lgraph.lean
txfma_c5	ACCEPTED		526	601	22	0	0	19	19	26	59	4	3.5	573120	/soe/czeng14/projects/livehd-new/generated/vc_sweep/lean/txfma_c5_Lgraph.lean
txfma_c6	ACCEPTED		1028	1320	46	0	0	61	42	45	58	4	7.8	668408	/soe/czeng14/projects/livehd-new/generated/vc_sweep/lean/txfma_c6_Lgraph.lean
txfma_csa	ACCEPTED		17	21	2	0	0	3	1	1	2	4	1.5	475492	/soe/czeng14/projects/livehd-new/generated/vc_sweep/lean/txfma_csa_Lgraph.lean
txfma_e1	ACCEPTED		421	489	8	0	0	16	17	17	42	4	2.6	545900	/soe/czeng14/projects/livehd-new/generated/vc_sweep/lean/txfma_e1_Lgraph.lean
txfma_e2	ACCEPTED		2017	2161	16	0	0	19	39	46	146	4	11.9	799744	/soe/czeng14/projects/livehd-new/generated/vc_sweep/lean/txfma_e2_Lgraph.lean
txfma_e4	ACCEPTED		4	3	1	0	0	2	0	1	0	4	1.6	472148	/soe/czeng14/projects/livehd-new/generated/vc_sweep/lean/txfma_e4_Lgraph.lean
txfma_e6	ACCEPTED		115	133	10	0	0	6	4	4	9	4	2.1	489824	/soe/czeng14/projects/livehd-new/generated/vc_sweep/lean/txfma_e6_Lgraph.lean
txfma_ediff_opdorder_logic	ACCEPTED		1397	1445	7	0	0	8	31	18	61	4	8.1	690284	/soe/czeng14/projects/livehd-new/generated/vc_sweep/lean/txfma_ediff_opdorder_logic_Lgraph.lean
txfma_exp_special_detect	ACCEPTED		246	360	10	0	0	8	10	15	32	4	2.6	531400	/soe/czeng14/projects/livehd-new/generated/vc_sweep/lean/txfma_exp_special_detect_Lgraph.lean
txfma_f1	ACCEPTED		11483	13840	15	31	0	8	180	447	1751	4	208.5	2528084	/soe/czeng14/projects/livehd-new/generated/vc_sweep2/lean/txfma_f1_Lgraph.lean
txfma_f4	ACCEPTED		3114	4028	5	6	0	13	57	130	465	4	25.1	1108552	/soe/czeng14/projects/livehd-new/generated/vc_sweep/lean/txfma_f4_Lgraph.lean
txfma_frac_zero_detect	ACCEPTED		3	4	1	0	0	1	0	0	1	4	1.3	472912	/soe/czeng14/projects/livehd-new/generated/vc_sweep/lean/txfma_frac_zero_detect_Lgraph.lean
txfma_lxd	ACCEPTED		1948	2659	1	0	0	3	32	65	260	4	11.8	869076	/soe/czeng14/projects/livehd-new/generated/vc_sweep/lean/txfma_lxd_Lgraph.lean
txfma_norm_shf	ACCEPTED		17	19	1	0	0	2	1	1	4	4	1.5	475516	/soe/czeng14/projects/livehd-new/generated/vc_sweep/lean/txfma_norm_shf_Lgraph.lean
txfma_rnd_adder	ACCEPTED		33	35	1	0	0	3	2	5	10	4	1.3	478460	/soe/czeng14/projects/livehd-new/generated/vc_sweep/lean/txfma_rnd_adder_Lgraph.lean
txfma_trz	ACCEPTED		169	167	1	0	0	1	3	4	12	4	2.6	494984	/soe/czeng14/projects/livehd-new/generated/vc_sweep/lean/txfma_trz_Lgraph.lean
txfma_trz2	ACCEPTED		984	1189	1	0	0	3	14	43	162	4	7.3	642348	/soe/czeng14/projects/livehd-new/generated/vc_sweep/lean/txfma_trz2_Lgraph.lean
txfma_wallace1	ACCEPTED		8931	11043	4	0	0	17	171	360	1275	4	120.3	2181096	/soe/czeng14/projects/livehd-new/generated/vc_sweep/lean/txfma_wallace1_Lgraph.lean
txfma_wallace2	ACCEPTED		5430	6515	2	0	0	7	85	245	987	4	56.5	1478268	/soe/czeng14/projects/livehd-new/generated/vc_sweep/lean/txfma_wallace2_Lgraph.lean
txfmactl_top	ACCEPTED		8508	10045	199	289	0	106	414	484	830	4	124.5	2068248	/soe/czeng14/projects/livehd-new/generated/vc_sweep/lean/txfmactl_top_Lgraph.lean
vpu_bypass	ACCEPTED		477	554	5	10	0	44	25	28	51	4	3.2	561160	/soe/czeng14/projects/livehd-new/generated/vc_sweep/lean/vpu_bypass_Lgraph.lean
vpu_decoder	ACCEPTED		4424	4844	2	0	0	1	58	148	599	4	34.8	1228936	/soe/czeng14/projects/livehd-new/generated/vc_sweep/lean/vpu_decoder_Lgraph.lean
vpu_mask	ACCEPTED		14590	14860	7	60	0	30	323	2093	6733	4	284.9	2811148	/soe/czeng14/projects/livehd-new/generated/vc_async_check/lean/vpu_mask_Lgraph.lean
vpu_ml	ACCEPTED		4455	5046	42	170	0	7	68	145	509	4	34.7	1276760	/soe/czeng14/projects/livehd-new/generated/vc_sweep/lean/vpu_ml_Lgraph.lean
vpu_sh_sw	ACCEPTED		3014	3224	2	10	0	14	54	158	472	4	20.7	1001804	/soe/czeng14/projects/livehd-new/generated/vc_async_check/lean/vpu_sh_sw_Lgraph.lean
vpu_tensorfma	ACCEPTED		2634	2971	34	123	0	7	40	71	275	4	18.4	932868	/soe/czeng14/projects/livehd-new/generated/vc_sweep/lean/vpu_tensorfma_Lgraph.lean
vpu_tensorquant	ACCEPTED		1262	1436	9	34	0	7	25	46	167	4	8.4	695740	/soe/czeng14/projects/livehd-new/generated/vc_sweep/lean/vpu_tensorquant_Lgraph.lean
vpu_tensorreduce	ACCEPTED		481	546	6	12	0	11	16	32	44	4	3.0	557536	/soe/czeng14/projects/livehd-new/generated/vc_sweep/lean/vpu_tensorreduce_Lgraph.lean
vpu_trans	ACCEPTED		3852	4152	13	114	0	13	66	298	1174	4	31.7	1160264	/soe/czeng14/projects/livehd-new/generated/vc_async_check/lean/vpu_trans_Lgraph.lean
vpu_uinst_decoder	ACCEPTED		525	572	1	0	0	1	10	23	70	4	3.3	562008	/soe/czeng14/projects/livehd-new/generated/vc_sweep/lean/vpu_uinst_decoder_Lgraph.lean
cva6_hpdcache_subsystem_gate	LEAN_ERROR	Command exited with non-zero status 1										4	700.5	15548420	/soe/czeng14/projects/livehd-new/generated/cva6_vc/mod/cva6_hpdcache_subsystem/lean/cva6_hpdcache_subsystem_gate_Lgraph.lean
cva6_hpdcache_wrapper_gate	LEAN_ERROR	Command exited with non-zero status 1										4	703.3	15337884	/soe/czeng14/projects/livehd-new/generated/cva6_vc/mod/cva6_hpdcache_wrapper/lean/cva6_hpdcache_wrapper_gate_Lgraph.lean
