# CVA6 certificate corpus: 46 blocks, all within the authoritative 78.
block	certificate	sha256	nodes	sources	flops	mems
aes	aes_gate	e95867a98e57a9d5684f868c8a0da09e1b397abe760c2d76005b512366e48cfe	11681	8658	0	0
alu	alu_gate	9077e0242d2d75f1565b69fa54c7aef9e3e71cd6d486d5f470b315145ff52afb	6597	6137	0	0
alu_wrapper	alu_wrapper_gate	ca495fa5938ddbaabb255fbf2fe1e798192a0a6531c9405184313d7090facfea	6595	6134	0	0
amo_buffer	amo_buffer_gate	e4c0f06ff61b81648a163c6945f495b26988796cc10802a6b293cfeb926a0e8a	186	166	7	0
ariane_regfile	ariane_regfile_gate	6d8f46eff208810ae7e44fa787d1f977a315e2e5b4915f29838063934ed3c9aa	1121	1034	32	0
bht	bht_gate	c6b96bf618f1b427d69b8724b45a07a25ed3b59e853cfc7549b91428a847e1b8	7275	7372	256	0
branch_unit	branch_unit_gate	64e09cf442142f79207a1dd453f2dc2421da7d757a6a04fc9ff9c861a6a4fe06	191	180	0	0
btb	btb_gate	ece1e7b5681f1d93ba4a3d5ae202da7111f117e6c3b20e033edb7dc40be72ad7	1782	1784	64	0
commit_stage	commit_stage_gate	8097b1b9e5a7711993a2b05d4ba0200c12c8dd6cd31db825b665094c9e9a7341	1276	1188	0	0
compressed_decoder	compressed_decoder_gate	e873ac0b2f6736d467755b2ac40c6ab858706a53b1c2ec424dab8a93e013f1d8	2022	1913	0	0
controller	controller_gate	c7d648a1b5ce6988c70c328e1cff5af11986f409136b5645ad1017751e6e31bd	104	118	3	0
csr_buffer	csr_buffer_gate	e3ecdb84440c0e8acbe493aebc70860f4fd9f5417cbf9bb72d80fd9193e732bd	44	45	2	0
csr_regfile	csr_regfile_gate	19830b0d17e141e2eeb6a628d61a9f5eac646a9eb07b1d97e93aff67611b7448	34874	32822	136	0
cva6_fifo_v3	cva6_fifo_v3_gate	9b4643e40bc03b289a55a25fbd6ea2ad2b2dc57ab1b25c79d8b9da1a7050b23e	291	292	31	0
cva6_hpdcache_if_adapter	cva6_hpdcache_if_adapter_gate	88c4109908549cec2ee226b32fa4dbb473308c8dfb4d430d57b7be5e8225a898	80	76	0	0
cva6_hpdcache_subsystem	cva6_hpdcache_subsystem_gate	e2b6894e7b2454c3ceb74167d9bda668652ed4e3c539d2dd8024055bf8dd8980	108666	97774	542	12
cva6_hpdcache_wrapper	cva6_hpdcache_wrapper_gate	d6e350aacad11127a9ff27bfc0b1112c35845c229004f2dbe1a7b8190130aa67	107213	96486	515	12
cva6_icache	cva6_icache_gate	020ce7d47c2494345614ed15d084b155c5a3ba285c27880f6c246b3c37e34340	899	806	10	0
cva6_ptw	cva6_ptw_gate	3f10bbaf7b7b263effcea3cd5b8970c9459d353c6cf08508970f7bf9ff642b5d	3775	3424	11	0
cva6_shared_tlb	cva6_shared_tlb_gate	2a00e36691b8c0694382bab96cc6fb34813430798631bafa607c538b5f1a2be4	136	146	5	0
cvxif_compressed_if_driver	cvxif_compressed_if_driver_gate	ac63ff061cbebf1d7ee181b3f53e2f101c6c81a5b4eeb75bae1a250ec2c9c6d3	53	48	0	0
cvxif_fu	cvxif_fu_gate	eebd75ebfced8bf4d79696a1be808e6ed87eeb944c97a142816e4f29ce9e7786	23	28	0	0
cvxif_issue_register_commit_if_driver	cvxif_issue_register_commit_if_driver_gate	dd6846efebceeb7bbeb21a74ccb002ea73e253f11899a1a01482c462c6062dd2	38	40	0	0
decoder	decoder_gate	06c3a1696b9197274b48060324572e40995c0a3f286a6d45ebced75be6fe084d	8971	8373	0	0
fpu_wrap	fpu_wrap_gate	2feef50ca58fd08c305a28b598de61a0bea0d47d4613b5df018417c6ca79c4c2	28410	24825	275	0
frontend	frontend_gate	693756ecb83e42644501b04fb4fad8f668b1809246054215766d7d975ec570d3	13612	13451	409	0
id_stage	id_stage_gate	7be6770a18b58fc0f7c2b997982aed546abf45dcde26a164358df7f1a701333b	11229	10527	29	0
instr_queue	instr_queue_gate	ddfd1951d7fac522c4a54614ffd101b7a7cad0194bda4e89982b0abb074a273e	1186	1100	71	0
instr_realign	instr_realign_gate	c2f92b5e520e2a480b9b4735d3e6d9af3e8a7b8494b9a4a1360907f38959ccd9	143	122	3	0
instr_scan	instr_scan_gate	bbb8d2a8769fc9d89d55fe26f10407e4bfdd46bb0722bb162c0c9fc878f58768	1257	1230	0	0
issue_read_operands	issue_read_operands_gate	887b635361c67335049b533662a074d077e8bf40823fd5800382259e06f6c9f1	6844	6172	89	0
issue_stage	issue_stage_gate	e945423adc5a6d9f735108fece951b474742cdbe178972fbb2420018ab9a6256	15601	14630	324	0
load_unit	load_unit_gate	dc1b06f1439cba1e124d6ff68165de1f16d9fa6b0065b781d5dce11a408abbad	2788	2620	28	0
lsu_bypass	lsu_bypass_gate	d2c58322e1c2397d405fbc62af2310233776528b9a931f26b1f6ba52b63a5259	361	359	31	0
mult	mult_gate	d7f35c16238054fbee250323586f482d30e656403ea3574ad0a892c07db5c0b0	4202	3870	19	0
multiplier	multiplier_gate	90b9cc2ef8aa10baaeedd55abd5a7300b53e380ea130eb4c3e4f10d5b163562f	2329	2132	6	0
perf_counters	perf_counters_gate	bca20017a9060ba662c00437a082f98f6efb0033d1478be1520172ce14bd2bfa	1959	1652	12	0
pmp	pmp_gate	f6408e9c0499046b462472f0d91801ab7b5acb2253e137f575560857f30292fb	3213	2881	0	0
pmp_data_if	pmp_data_if_gate	b3d54d477ef7ef9ab82656830064673043bd84be1e8f76dbc0fa2ed8c07ab6a6	4499	4056	0	0
pmp_entry	pmp_entry_gate	6dcfc0cbb818319654a03adbcd1ff5d76a03c585906216079e38c94da0242931	297	264	0	0
ras	ras_gate	d9210d40f2ffbb007f75a059ed5bd766dbd898e0200590481a0d9414de4b52d8	54	57	4	0
raw_checker	raw_checker_gate	dbd74ee6b64afde1a53df326e6399f9cdf3dcf83135db59f76759ee5c1d426cc	353	304	0	0
scoreboard	scoreboard_gate	7e16504275d6505276d195358d737952540d33064fbaa229a212cea0b147d536	9584	9340	235	0
serdiv	serdiv_gate	6663d446d2bdf4e066de2c5cb1e5ea7b567a3353cdcf0a955228de5a33b6cf20	1180	1082	12	0
store_buffer	store_buffer_gate	7141493c35e7a7d23a1c9a30e1fbe20956054a81cbacc6b47a8b1a46dbe4f249	1387	1331	62	0
store_unit	store_unit_gate	6790b5f2ba745c7dfc28d24137dc06b229c558fb8cd075b88a1ace029f1dc981	2448	2273	76	0
