# FROZEN canonical CVA6 target NAMES. Edit this file to change the targets;
# d3_manifest.py READS the names and never recomputes the selection.
# The `_at_freeze` columns are history. Current evidence lives in
# cva6_30.tsv, which is re-joined against the corpus on every run.
# RULE used at freeze time: the 30 CVA6 core-hierarchy blocks (of the authoritative 78 in CVA6_COVERAGE_PLAN.md Phase 2) that had a certificate when the list was first frozen, ranked by node count, largest first. Ranking by size keeps the selection re-derivable and biases it toward the hard cases. Once frozen the list is READ, never recomputed.
# frozen on 2026-09-30 from /soe/czeng14/projects/livehd-new/generated/cva6_vc/lean
block	nodes_at_freeze	sha256_at_freeze
cva6_hpdcache_subsystem	108666	e2b6894e7b2454c3ceb74167d9bda668652ed4e3c539d2dd8024055bf8dd8980
cva6_hpdcache_wrapper	107213	d6e350aacad11127a9ff27bfc0b1112c35845c229004f2dbe1a7b8190130aa67
csr_regfile	34874	19830b0d17e141e2eeb6a628d61a9f5eac646a9eb07b1d97e93aff67611b7448
fpu_wrap	28410	2feef50ca58fd08c305a28b598de61a0bea0d47d4613b5df018417c6ca79c4c2
issue_stage	15601	e945423adc5a6d9f735108fece951b474742cdbe178972fbb2420018ab9a6256
frontend	13612	693756ecb83e42644501b04fb4fad8f668b1809246054215766d7d975ec570d3
aes	11681	e95867a98e57a9d5684f868c8a0da09e1b397abe760c2d76005b512366e48cfe
id_stage	11229	7be6770a18b58fc0f7c2b997982aed546abf45dcde26a164358df7f1a701333b
scoreboard	9584	7e16504275d6505276d195358d737952540d33064fbaa229a212cea0b147d536
decoder	8971	06c3a1696b9197274b48060324572e40995c0a3f286a6d45ebced75be6fe084d
bht	7275	c6b96bf618f1b427d69b8724b45a07a25ed3b59e853cfc7549b91428a847e1b8
issue_read_operands	6844	887b635361c67335049b533662a074d077e8bf40823fd5800382259e06f6c9f1
alu	6597	9077e0242d2d75f1565b69fa54c7aef9e3e71cd6d486d5f470b315145ff52afb
alu_wrapper	6595	ca495fa5938ddbaabb255fbf2fe1e798192a0a6531c9405184313d7090facfea
pmp_data_if	4499	b3d54d477ef7ef9ab82656830064673043bd84be1e8f76dbc0fa2ed8c07ab6a6
mult	4202	d7f35c16238054fbee250323586f482d30e656403ea3574ad0a892c07db5c0b0
cva6_ptw	3775	3f10bbaf7b7b263effcea3cd5b8970c9459d353c6cf08508970f7bf9ff642b5d
pmp	3213	f6408e9c0499046b462472f0d91801ab7b5acb2253e137f575560857f30292fb
load_unit	2788	dc1b06f1439cba1e124d6ff68165de1f16d9fa6b0065b781d5dce11a408abbad
store_unit	2448	6790b5f2ba745c7dfc28d24137dc06b229c558fb8cd075b88a1ace029f1dc981
multiplier	2329	90b9cc2ef8aa10baaeedd55abd5a7300b53e380ea130eb4c3e4f10d5b163562f
compressed_decoder	2022	e873ac0b2f6736d467755b2ac40c6ab858706a53b1c2ec424dab8a93e013f1d8
perf_counters	1959	bca20017a9060ba662c00437a082f98f6efb0033d1478be1520172ce14bd2bfa
btb	1782	ece1e7b5681f1d93ba4a3d5ae202da7111f117e6c3b20e033edb7dc40be72ad7
store_buffer	1387	7141493c35e7a7d23a1c9a30e1fbe20956054a81cbacc6b47a8b1a46dbe4f249
commit_stage	1276	8097b1b9e5a7711993a2b05d4ba0200c12c8dd6cd31db825b665094c9e9a7341
instr_scan	1257	bbb8d2a8769fc9d89d55fe26f10407e4bfdd46bb0722bb162c0c9fc878f58768
instr_queue	1186	ddfd1951d7fac522c4a54614ffd101b7a7cad0194bda4e89982b0abb074a273e
serdiv	1180	6663d446d2bdf4e066de2c5cb1e5ea7b567a3353cdcf0a955228de5a33b6cf20
ariane_regfile	1121	6d8f46eff208810ae7e44fa787d1f977a315e2e5b4915f29838063934ed3c9aa
